schedule_id,clinic_id,doctor_id,slot_start,slot_end,status,slot_type
1,CLINIC-001,DR-001,2026-09-14 09:00:00,2026-09-14 09:30:00,available,standard
2,CLINIC-001,DR-001,2026-09-14 09:30:00,2026-09-14 10:00:00,available,standard
3,CLINIC-001,DR-001,2026-09-14 10:00:00,2026-09-14 10:30:00,available,standard
4,CLINIC-001,DR-001,2026-09-14 10:30:00,2026-09-14 11:00:00,available,standard
5,CLINIC-001,DR-001,2026-09-14 11:00:00,2026-09-14 11:30:00,available,standard
6,CLINIC-001,DR-001,2026-09-14 11:30:00,2026-09-14 12:00:00,available,standard
7,CLINIC-001,DR-001,2026-09-14 12:00:00,2026-09-14 12:30:00,available,standard
8,CLINIC-001,DR-001,2026-09-14 12:30:00,2026-09-14 13:00:00,available,standard
9,CLINIC-001,DR-001,2026-09-14 14:00:00,2026-09-14 14:30:00,available,standard
10,CLINIC-001,DR-001,2026-09-14 14:30:00,2026-09-14 15:00:00,available,standard
11,CLINIC-001,DR-001,2026-09-14 15:00:00,2026-09-14 15:30:00,available,standard
12,CLINIC-001,DR-001,2026-09-14 15:30:00,2026-09-14 16:00:00,available,standard
13,CLINIC-001,DR-001,2026-09-14 16:00:00,2026-09-14 16:30:00,available,standard
14,CLINIC-001,DR-001,2026-09-14 16:30:00,2026-09-14 17:00:00,available,standard
15,CLINIC-001,DR-003,2026-09-14 11:00:00,2026-09-14 11:30:00,available,standard
16,CLINIC-001,DR-003,2026-09-14 11:30:00,2026-09-14 12:00:00,available,standard
17,CLINIC-001,DR-003,2026-09-14 12:00:00,2026-09-14 12:30:00,available,standard
18,CLINIC-001,DR-003,2026-09-14 12:30:00,2026-09-14 13:00:00,available,standard
19,CLINIC-001,DR-003,2026-09-14 13:00:00,2026-09-14 13:30:00,blocked,admin_break
20,CLINIC-001,DR-003,2026-09-14 13:30:00,2026-09-14 14:00:00,blocked,admin_break
21,CLINIC-001,DR-003,2026-09-14 15:00:00,2026-09-14 15:30:00,available,standard
22,CLINIC-001,DR-003,2026-09-14 15:30:00,2026-09-14 16:00:00,available,standard
23,CLINIC-001,DR-003,2026-09-14 16:00:00,2026-09-14 16:30:00,available,standard
24,CLINIC-001,DR-003,2026-09-14 16:30:00,2026-09-14 17:00:00,available,standard
25,CLINIC-001,DR-003,2026-09-14 17:00:00,2026-09-14 17:30:00,available,standard
26,CLINIC-001,DR-003,2026-09-14 17:30:00,2026-09-14 18:00:00,available,standard
27,CLINIC-001,DR-004,2026-09-14 09:00:00,2026-09-14 09:30:00,available,standard
28,CLINIC-001,DR-004,2026-09-14 09:30:00,2026-09-14 10:00:00,available,standard
29,CLINIC-001,DR-004,2026-09-14 10:00:00,2026-09-14 10:30:00,available,standard
30,CLINIC-001,DR-004,2026-09-14 10:30:00,2026-09-14 11:00:00,available,standard
31,CLINIC-001,DR-004,2026-09-14 11:00:00,2026-09-14 11:30:00,available,standard
32,CLINIC-001,DR-004,2026-09-14 11:30:00,2026-09-14 12:00:00,available,standard
33,CLINIC-001,DR-004,2026-09-14 13:00:00,2026-09-14 13:30:00,blocked,admin_break
34,CLINIC-001,DR-004,2026-09-14 13:30:00,2026-09-14 14:00:00,blocked,admin_break
35,CLINIC-001,DR-004,2026-09-14 14:00:00,2026-09-14 14:30:00,available,standard
36,CLINIC-001,DR-004,2026-09-14 14:30:00,2026-09-14 15:00:00,available,standard
37,CLINIC-001,DR-004,2026-09-14 15:00:00,2026-09-14 15:30:00,available,standard
38,CLINIC-001,DR-004,2026-09-14 15:30:00,2026-09-14 16:00:00,available,standard
39,CLINIC-001,DR-002,2026-09-15 10:00:00,2026-09-15 10:30:00,available,standard
40,CLINIC-001,DR-002,2026-09-15 10:30:00,2026-09-15 11:00:00,available,standard
41,CLINIC-001,DR-002,2026-09-15 11:00:00,2026-09-15 11:30:00,available,standard
42,CLINIC-001,DR-002,2026-09-15 11:30:00,2026-09-15 12:00:00,available,standard
43,CLINIC-001,DR-002,2026-09-15 12:00:00,2026-09-15 12:30:00,available,standard
44,CLINIC-001,DR-002,2026-09-15 12:30:00,2026-09-15 13:00:00,available,standard
45,CLINIC-001,DR-002,2026-09-15 14:00:00,2026-09-15 14:30:00,available,standard
46,CLINIC-001,DR-002,2026-09-15 14:30:00,2026-09-15 15:00:00,available,standard
47,CLINIC-001,DR-002,2026-09-15 15:00:00,2026-09-15 15:30:00,available,standard
48,CLINIC-001,DR-002,2026-09-15 15:30:00,2026-09-15 16:00:00,available,standard
49,CLINIC-001,DR-002,2026-09-15 16:00:00,2026-09-15 16:30:00,available,standard
50,CLINIC-001,DR-002,2026-09-15 16:30:00,2026-09-15 17:00:00,available,standard
51,CLINIC-001,DR-003,2026-09-15 11:00:00,2026-09-15 11:30:00,available,standard
52,CLINIC-001,DR-003,2026-09-15 11:30:00,2026-09-15 12:00:00,available,standard
53,CLINIC-001,DR-003,2026-09-15 12:00:00,2026-09-15 12:30:00,available,standard
54,CLINIC-001,DR-003,2026-09-15 12:30:00,2026-09-15 13:00:00,available,standard
55,CLINIC-001,DR-003,2026-09-15 13:00:00,2026-09-15 13:30:00,blocked,admin_break
56,CLINIC-001,DR-003,2026-09-15 13:30:00,2026-09-15 14:00:00,blocked,admin_break
57,CLINIC-001,DR-003,2026-09-15 15:00:00,2026-09-15 15:30:00,available,standard
58,CLINIC-001,DR-003,2026-09-15 15:30:00,2026-09-15 16:00:00,available,standard
59,CLINIC-001,DR-003,2026-09-15 16:00:00,2026-09-15 16:30:00,available,standard
60,CLINIC-001,DR-003,2026-09-15 16:30:00,2026-09-15 17:00:00,available,standard
61,CLINIC-001,DR-003,2026-09-15 17:00:00,2026-09-15 17:30:00,available,standard
62,CLINIC-001,DR-003,2026-09-15 17:30:00,2026-09-15 18:00:00,available,standard
63,CLINIC-001,DR-005,2026-09-15 12:00:00,2026-09-15 12:30:00,available,standard
64,CLINIC-001,DR-005,2026-09-15 12:30:00,2026-09-15 13:00:00,available,standard
65,CLINIC-001,DR-005,2026-09-15 13:00:00,2026-09-15 13:30:00,blocked,admin_break
66,CLINIC-001,DR-005,2026-09-15 13:30:00,2026-09-15 14:00:00,blocked,admin_break
67,CLINIC-001,DR-005,2026-09-15 14:00:00,2026-09-15 14:30:00,available,standard
68,CLINIC-001,DR-005,2026-09-15 14:30:00,2026-09-15 15:00:00,available,standard
69,CLINIC-001,DR-005,2026-09-15 16:00:00,2026-09-15 16:30:00,available,standard
70,CLINIC-001,DR-005,2026-09-15 16:30:00,2026-09-15 17:00:00,available,standard
71,CLINIC-001,DR-005,2026-09-15 17:00:00,2026-09-15 17:30:00,available,standard
72,CLINIC-001,DR-005,2026-09-15 17:30:00,2026-09-15 18:00:00,available,standard
73,CLINIC-001,DR-005,2026-09-15 18:00:00,2026-09-15 18:30:00,available,standard
74,CLINIC-001,DR-005,2026-09-15 18:30:00,2026-09-15 19:00:00,available,standard
75,CLINIC-001,DR-001,2026-09-16 09:00:00,2026-09-16 09:30:00,available,standard
76,CLINIC-001,DR-001,2026-09-16 09:30:00,2026-09-16 10:00:00,available,standard
77,CLINIC-001,DR-001,2026-09-16 10:00:00,2026-09-16 10:30:00,available,standard
78,CLINIC-001,DR-001,2026-09-16 10:30:00,2026-09-16 11:00:00,available,standard
79,CLINIC-001,DR-001,2026-09-16 11:00:00,2026-09-16 11:30:00,available,standard
80,CLINIC-001,DR-001,2026-09-16 11:30:00,2026-09-16 12:00:00,available,standard
81,CLINIC-001,DR-001,2026-09-16 12:00:00,2026-09-16 12:30:00,available,standard
82,CLINIC-001,DR-001,2026-09-16 12:30:00,2026-09-16 13:00:00,available,standard
83,CLINIC-001,DR-001,2026-09-16 14:00:00,2026-09-16 14:30:00,available,standard
84,CLINIC-001,DR-001,2026-09-16 14:30:00,2026-09-16 15:00:00,available,standard
85,CLINIC-001,DR-001,2026-09-16 15:00:00,2026-09-16 15:30:00,available,standard
86,CLINIC-001,DR-001,2026-09-16 15:30:00,2026-09-16 16:00:00,available,standard
87,CLINIC-001,DR-001,2026-09-16 16:00:00,2026-09-16 16:30:00,available,standard
88,CLINIC-001,DR-001,2026-09-16 16:30:00,2026-09-16 17:00:00,available,standard
89,CLINIC-001,DR-004,2026-09-16 09:00:00,2026-09-16 09:30:00,available,standard
90,CLINIC-001,DR-004,2026-09-16 09:30:00,2026-09-16 10:00:00,available,standard
91,CLINIC-001,DR-004,2026-09-16 10:00:00,2026-09-16 10:30:00,available,standard
92,CLINIC-001,DR-004,2026-09-16 10:30:00,2026-09-16 11:00:00,available,standard
93,CLINIC-001,DR-004,2026-09-16 11:00:00,2026-09-16 11:30:00,available,standard
94,CLINIC-001,DR-004,2026-09-16 11:30:00,2026-09-16 12:00:00,available,standard
95,CLINIC-001,DR-004,2026-09-16 13:00:00,2026-09-16 13:30:00,blocked,admin_break
96,CLINIC-001,DR-004,2026-09-16 13:30:00,2026-09-16 14:00:00,blocked,admin_break
97,CLINIC-001,DR-004,2026-09-16 14:00:00,2026-09-16 14:30:00,available,standard
98,CLINIC-001,DR-004,2026-09-16 14:30:00,2026-09-16 15:00:00,available,standard
99,CLINIC-001,DR-004,2026-09-16 15:00:00,2026-09-16 15:30:00,available,standard
100,CLINIC-001,DR-004,2026-09-16 15:30:00,2026-09-16 16:00:00,available,standard
101,CLINIC-001,DR-005,2026-09-16 12:00:00,2026-09-16 12:30:00,available,standard
102,CLINIC-001,DR-005,2026-09-16 12:30:00,2026-09-16 13:00:00,available,standard
103,CLINIC-001,DR-005,2026-09-16 13:00:00,2026-09-16 13:30:00,blocked,admin_break
104,CLINIC-001,DR-005,2026-09-16 13:30:00,2026-09-16 14:00:00,blocked,admin_break
105,CLINIC-001,DR-005,2026-09-16 14:00:00,2026-09-16 14:30:00,available,standard
106,CLINIC-001,DR-005,2026-09-16 14:30:00,2026-09-16 15:00:00,available,standard
107,CLINIC-001,DR-005,2026-09-16 16:00:00,2026-09-16 16:30:00,available,standard
108,CLINIC-001,DR-005,2026-09-16 16:30:00,2026-09-16 17:00:00,available,standard
109,CLINIC-001,DR-005,2026-09-16 17:00:00,2026-09-16 17:30:00,available,standard
110,CLINIC-001,DR-005,2026-09-16 17:30:00,2026-09-16 18:00:00,available,standard
111,CLINIC-001,DR-005,2026-09-16 18:00:00,2026-09-16 18:30:00,available,standard
112,CLINIC-001,DR-005,2026-09-16 18:30:00,2026-09-16 19:00:00,available,standard
113,CLINIC-001,DR-002,2026-09-17 10:00:00,2026-09-17 10:30:00,available,standard
114,CLINIC-001,DR-002,2026-09-17 10:30:00,2026-09-17 11:00:00,available,standard
115,CLINIC-001,DR-002,2026-09-17 11:00:00,2026-09-17 11:30:00,available,standard
116,CLINIC-001,DR-002,2026-09-17 11:30:00,2026-09-17 12:00:00,available,standard
117,CLINIC-001,DR-002,2026-09-17 12:00:00,2026-09-17 12:30:00,available,standard
118,CLINIC-001,DR-002,2026-09-17 12:30:00,2026-09-17 13:00:00,available,standard
119,CLINIC-001,DR-002,2026-09-17 14:00:00,2026-09-17 14:30:00,available,standard
120,CLINIC-001,DR-002,2026-09-17 14:30:00,2026-09-17 15:00:00,available,standard
121,CLINIC-001,DR-002,2026-09-17 15:00:00,2026-09-17 15:30:00,available,standard
122,CLINIC-001,DR-002,2026-09-17 15:30:00,2026-09-17 16:00:00,available,standard
123,CLINIC-001,DR-002,2026-09-17 16:00:00,2026-09-17 16:30:00,available,standard
124,CLINIC-001,DR-002,2026-09-17 16:30:00,2026-09-17 17:00:00,available,standard
125,CLINIC-001,DR-003,2026-09-17 11:00:00,2026-09-17 11:30:00,available,standard
126,CLINIC-001,DR-003,2026-09-17 11:30:00,2026-09-17 12:00:00,available,standard
127,CLINIC-001,DR-003,2026-09-17 12:00:00,2026-09-17 12:30:00,available,standard
128,CLINIC-001,DR-003,2026-09-17 12:30:00,2026-09-17 13:00:00,available,standard
129,CLINIC-001,DR-003,2026-09-17 13:00:00,2026-09-17 13:30:00,blocked,admin_break
130,CLINIC-001,DR-003,2026-09-17 13:30:00,2026-09-17 14:00:00,blocked,admin_break
131,CLINIC-001,DR-003,2026-09-17 15:00:00,2026-09-17 15:30:00,available,standard
132,CLINIC-001,DR-003,2026-09-17 15:30:00,2026-09-17 16:00:00,available,standard
133,CLINIC-001,DR-003,2026-09-17 16:00:00,2026-09-17 16:30:00,available,standard
134,CLINIC-001,DR-003,2026-09-17 16:30:00,2026-09-17 17:00:00,available,standard
135,CLINIC-001,DR-003,2026-09-17 17:00:00,2026-09-17 17:30:00,available,standard
136,CLINIC-001,DR-003,2026-09-17 17:30:00,2026-09-17 18:00:00,available,standard
137,CLINIC-001,DR-001,2026-09-18 09:00:00,2026-09-18 09:30:00,available,standard
138,CLINIC-001,DR-001,2026-09-18 09:30:00,2026-09-18 10:00:00,available,standard
139,CLINIC-001,DR-001,2026-09-18 10:00:00,2026-09-18 10:30:00,available,standard
140,CLINIC-001,DR-001,2026-09-18 10:30:00,2026-09-18 11:00:00,available,standard
141,CLINIC-001,DR-001,2026-09-18 11:00:00,2026-09-18 11:30:00,available,standard
142,CLINIC-001,DR-001,2026-09-18 11:30:00,2026-09-18 12:00:00,available,standard
143,CLINIC-001,DR-001,2026-09-18 12:00:00,2026-09-18 12:30:00,available,standard
144,CLINIC-001,DR-001,2026-09-18 12:30:00,2026-09-18 13:00:00,available,standard
145,CLINIC-001,DR-001,2026-09-18 14:00:00,2026-09-18 14:30:00,available,standard
146,CLINIC-001,DR-001,2026-09-18 14:30:00,2026-09-18 15:00:00,available,standard
147,CLINIC-001,DR-001,2026-09-18 15:00:00,2026-09-18 15:30:00,available,standard
148,CLINIC-001,DR-001,2026-09-18 15:30:00,2026-09-18 16:00:00,available,standard
149,CLINIC-001,DR-001,2026-09-18 16:00:00,2026-09-18 16:30:00,available,standard
150,CLINIC-001,DR-001,2026-09-18 16:30:00,2026-09-18 17:00:00,available,standard
151,CLINIC-001,DR-005,2026-09-18 12:00:00,2026-09-18 12:30:00,available,standard
152,CLINIC-001,DR-005,2026-09-18 12:30:00,2026-09-18 13:00:00,available,standard
153,CLINIC-001,DR-005,2026-09-18 13:00:00,2026-09-18 13:30:00,blocked,admin_break
154,CLINIC-001,DR-005,2026-09-18 13:30:00,2026-09-18 14:00:00,blocked,admin_break
155,CLINIC-001,DR-005,2026-09-18 14:00:00,2026-09-18 14:30:00,available,standard
156,CLINIC-001,DR-005,2026-09-18 14:30:00,2026-09-18 15:00:00,available,standard
157,CLINIC-001,DR-005,2026-09-18 16:00:00,2026-09-18 16:30:00,available,standard
158,CLINIC-001,DR-005,2026-09-18 16:30:00,2026-09-18 17:00:00,available,standard
159,CLINIC-001,DR-005,2026-09-18 17:00:00,2026-09-18 17:30:00,available,standard
160,CLINIC-001,DR-005,2026-09-18 17:30:00,2026-09-18 18:00:00,available,standard
161,CLINIC-001,DR-005,2026-09-18 18:00:00,2026-09-18 18:30:00,available,standard
162,CLINIC-001,DR-005,2026-09-18 18:30:00,2026-09-18 19:00:00,available,standard
163,CLINIC-001,DR-002,2026-09-19 10:00:00,2026-09-19 10:30:00,available,standard
164,CLINIC-001,DR-002,2026-09-19 10:30:00,2026-09-19 11:00:00,available,standard
165,CLINIC-001,DR-002,2026-09-19 11:00:00,2026-09-19 11:30:00,available,standard
166,CLINIC-001,DR-002,2026-09-19 11:30:00,2026-09-19 12:00:00,available,standard
167,CLINIC-001,DR-002,2026-09-19 12:00:00,2026-09-19 12:30:00,available,standard
168,CLINIC-001,DR-002,2026-09-19 12:30:00,2026-09-19 13:00:00,available,standard
169,CLINIC-001,DR-002,2026-09-19 14:00:00,2026-09-19 14:30:00,available,standard
170,CLINIC-001,DR-002,2026-09-19 14:30:00,2026-09-19 15:00:00,available,standard
171,CLINIC-001,DR-002,2026-09-19 15:00:00,2026-09-19 15:30:00,available,standard
172,CLINIC-001,DR-002,2026-09-19 15:30:00,2026-09-19 16:00:00,available,standard
173,CLINIC-001,DR-002,2026-09-19 16:00:00,2026-09-19 16:30:00,available,standard
174,CLINIC-001,DR-002,2026-09-19 16:30:00,2026-09-19 17:00:00,available,standard
175,CLINIC-001,DR-004,2026-09-19 09:00:00,2026-09-19 09:30:00,available,standard
176,CLINIC-001,DR-004,2026-09-19 09:30:00,2026-09-19 10:00:00,available,standard
177,CLINIC-001,DR-004,2026-09-19 10:00:00,2026-09-19 10:30:00,available,standard
178,CLINIC-001,DR-004,2026-09-19 10:30:00,2026-09-19 11:00:00,available,standard
179,CLINIC-001,DR-004,2026-09-19 11:00:00,2026-09-19 11:30:00,available,standard
180,CLINIC-001,DR-004,2026-09-19 11:30:00,2026-09-19 12:00:00,available,standard
181,CLINIC-001,DR-004,2026-09-19 13:00:00,2026-09-19 13:30:00,available,standard
182,CLINIC-001,DR-004,2026-09-19 13:30:00,2026-09-19 14:00:00,available,standard
183,CLINIC-001,DR-004,2026-09-19 14:00:00,2026-09-19 14:30:00,available,standard
184,CLINIC-001,DR-004,2026-09-19 14:30:00,2026-09-19 15:00:00,available,standard
185,CLINIC-001,DR-004,2026-09-19 15:00:00,2026-09-19 15:30:00,available,standard
186,CLINIC-001,DR-004,2026-09-19 15:30:00,2026-09-19 16:00:00,available,standard
187,CLINIC-001,DR-001,2026-09-21 09:00:00,2026-09-21 09:30:00,available,standard
188,CLINIC-001,DR-001,2026-09-21 09:30:00,2026-09-21 10:00:00,available,standard
189,CLINIC-001,DR-001,2026-09-21 10:00:00,2026-09-21 10:30:00,available,standard
190,CLINIC-001,DR-001,2026-09-21 10:30:00,2026-09-21 11:00:00,available,standard
191,CLINIC-001,DR-001,2026-09-21 11:00:00,2026-09-21 11:30:00,available,standard
192,CLINIC-001,DR-001,2026-09-21 11:30:00,2026-09-21 12:00:00,available,standard
193,CLINIC-001,DR-001,2026-09-21 12:00:00,2026-09-21 12:30:00,available,standard
194,CLINIC-001,DR-001,2026-09-21 12:30:00,2026-09-21 13:00:00,available,standard
195,CLINIC-001,DR-001,2026-09-21 14:00:00,2026-09-21 14:30:00,available,standard
196,CLINIC-001,DR-001,2026-09-21 14:30:00,2026-09-21 15:00:00,available,standard
197,CLINIC-001,DR-001,2026-09-21 15:00:00,2026-09-21 15:30:00,available,standard
198,CLINIC-001,DR-001,2026-09-21 15:30:00,2026-09-21 16:00:00,available,standard
199,CLINIC-001,DR-001,2026-09-21 16:00:00,2026-09-21 16:30:00,available,standard
200,CLINIC-001,DR-001,2026-09-21 16:30:00,2026-09-21 17:00:00,available,standard
201,CLINIC-001,DR-003,2026-09-21 11:00:00,2026-09-21 11:30:00,available,standard
202,CLINIC-001,DR-003,2026-09-21 11:30:00,2026-09-21 12:00:00,available,standard
203,CLINIC-001,DR-003,2026-09-21 12:00:00,2026-09-21 12:30:00,available,standard
204,CLINIC-001,DR-003,2026-09-21 12:30:00,2026-09-21 13:00:00,available,standard
205,CLINIC-001,DR-003,2026-09-21 13:00:00,2026-09-21 13:30:00,blocked,admin_break
206,CLINIC-001,DR-003,2026-09-21 13:30:00,2026-09-21 14:00:00,blocked,admin_break
207,CLINIC-001,DR-003,2026-09-21 15:00:00,2026-09-21 15:30:00,available,standard
208,CLINIC-001,DR-003,2026-09-21 15:30:00,2026-09-21 16:00:00,available,standard
209,CLINIC-001,DR-003,2026-09-21 16:00:00,2026-09-21 16:30:00,available,standard
210,CLINIC-001,DR-003,2026-09-21 16:30:00,2026-09-21 17:00:00,available,standard
211,CLINIC-001,DR-003,2026-09-21 17:00:00,2026-09-21 17:30:00,available,standard
212,CLINIC-001,DR-003,2026-09-21 17:30:00,2026-09-21 18:00:00,available,standard
213,CLINIC-001,DR-004,2026-09-21 09:00:00,2026-09-21 09:30:00,available,standard
214,CLINIC-001,DR-004,2026-09-21 09:30:00,2026-09-21 10:00:00,available,standard
215,CLINIC-001,DR-004,2026-09-21 10:00:00,2026-09-21 10:30:00,available,standard
216,CLINIC-001,DR-004,2026-09-21 10:30:00,2026-09-21 11:00:00,available,standard
217,CLINIC-001,DR-004,2026-09-21 11:00:00,2026-09-21 11:30:00,available,standard
218,CLINIC-001,DR-004,2026-09-21 11:30:00,2026-09-21 12:00:00,available,standard
219,CLINIC-001,DR-004,2026-09-21 13:00:00,2026-09-21 13:30:00,blocked,admin_break
220,CLINIC-001,DR-004,2026-09-21 13:30:00,2026-09-21 14:00:00,blocked,admin_break
221,CLINIC-001,DR-004,2026-09-21 14:00:00,2026-09-21 14:30:00,available,standard
222,CLINIC-001,DR-004,2026-09-21 14:30:00,2026-09-21 15:00:00,available,standard
223,CLINIC-001,DR-004,2026-09-21 15:00:00,2026-09-21 15:30:00,available,standard
224,CLINIC-001,DR-004,2026-09-21 15:30:00,2026-09-21 16:00:00,available,standard
225,CLINIC-001,DR-002,2026-09-22 10:00:00,2026-09-22 10:30:00,available,standard
226,CLINIC-001,DR-002,2026-09-22 10:30:00,2026-09-22 11:00:00,available,standard
227,CLINIC-001,DR-002,2026-09-22 11:00:00,2026-09-22 11:30:00,available,standard
228,CLINIC-001,DR-002,2026-09-22 11:30:00,2026-09-22 12:00:00,available,standard
229,CLINIC-001,DR-002,2026-09-22 12:00:00,2026-09-22 12:30:00,available,standard
230,CLINIC-001,DR-002,2026-09-22 12:30:00,2026-09-22 13:00:00,available,standard
231,CLINIC-001,DR-002,2026-09-22 14:00:00,2026-09-22 14:30:00,available,standard
232,CLINIC-001,DR-002,2026-09-22 14:30:00,2026-09-22 15:00:00,available,standard
233,CLINIC-001,DR-002,2026-09-22 15:00:00,2026-09-22 15:30:00,available,standard
234,CLINIC-001,DR-002,2026-09-22 15:30:00,2026-09-22 16:00:00,available,standard
235,CLINIC-001,DR-002,2026-09-22 16:00:00,2026-09-22 16:30:00,available,standard
236,CLINIC-001,DR-002,2026-09-22 16:30:00,2026-09-22 17:00:00,available,standard
237,CLINIC-001,DR-003,2026-09-22 11:00:00,2026-09-22 11:30:00,available,standard
238,CLINIC-001,DR-003,2026-09-22 11:30:00,2026-09-22 12:00:00,available,standard
239,CLINIC-001,DR-003,2026-09-22 12:00:00,2026-09-22 12:30:00,available,standard
240,CLINIC-001,DR-003,2026-09-22 12:30:00,2026-09-22 13:00:00,available,standard
241,CLINIC-001,DR-003,2026-09-22 13:00:00,2026-09-22 13:30:00,blocked,admin_break
242,CLINIC-001,DR-003,2026-09-22 13:30:00,2026-09-22 14:00:00,blocked,admin_break
243,CLINIC-001,DR-003,2026-09-22 15:00:00,2026-09-22 15:30:00,available,standard
244,CLINIC-001,DR-003,2026-09-22 15:30:00,2026-09-22 16:00:00,available,standard
245,CLINIC-001,DR-003,2026-09-22 16:00:00,2026-09-22 16:30:00,available,standard
246,CLINIC-001,DR-003,2026-09-22 16:30:00,2026-09-22 17:00:00,available,standard
247,CLINIC-001,DR-003,2026-09-22 17:00:00,2026-09-22 17:30:00,available,standard
248,CLINIC-001,DR-003,2026-09-22 17:30:00,2026-09-22 18:00:00,available,standard
249,CLINIC-001,DR-005,2026-09-22 12:00:00,2026-09-22 12:30:00,available,standard
250,CLINIC-001,DR-005,2026-09-22 12:30:00,2026-09-22 13:00:00,available,standard
251,CLINIC-001,DR-005,2026-09-22 13:00:00,2026-09-22 13:30:00,blocked,admin_break
252,CLINIC-001,DR-005,2026-09-22 13:30:00,2026-09-22 14:00:00,blocked,admin_break
253,CLINIC-001,DR-005,2026-09-22 14:00:00,2026-09-22 14:30:00,available,standard
254,CLINIC-001,DR-005,2026-09-22 14:30:00,2026-09-22 15:00:00,available,standard
255,CLINIC-001,DR-005,2026-09-22 16:00:00,2026-09-22 16:30:00,available,standard
256,CLINIC-001,DR-005,2026-09-22 16:30:00,2026-09-22 17:00:00,available,standard
257,CLINIC-001,DR-005,2026-09-22 17:00:00,2026-09-22 17:30:00,available,standard
258,CLINIC-001,DR-005,2026-09-22 17:30:00,2026-09-22 18:00:00,available,standard
259,CLINIC-001,DR-005,2026-09-22 18:00:00,2026-09-22 18:30:00,available,standard
260,CLINIC-001,DR-005,2026-09-22 18:30:00,2026-09-22 19:00:00,available,standard
261,CLINIC-001,DR-001,2026-09-23 09:00:00,2026-09-23 09:30:00,available,standard
262,CLINIC-001,DR-001,2026-09-23 09:30:00,2026-09-23 10:00:00,available,standard
263,CLINIC-001,DR-001,2026-09-23 10:00:00,2026-09-23 10:30:00,available,standard
264,CLINIC-001,DR-001,2026-09-23 10:30:00,2026-09-23 11:00:00,available,standard
265,CLINIC-001,DR-001,2026-09-23 11:00:00,2026-09-23 11:30:00,available,standard
266,CLINIC-001,DR-001,2026-09-23 11:30:00,2026-09-23 12:00:00,available,standard
267,CLINIC-001,DR-001,2026-09-23 12:00:00,2026-09-23 12:30:00,available,standard
268,CLINIC-001,DR-001,2026-09-23 12:30:00,2026-09-23 13:00:00,available,standard
269,CLINIC-001,DR-001,2026-09-23 14:00:00,2026-09-23 14:30:00,available,standard
270,CLINIC-001,DR-001,2026-09-23 14:30:00,2026-09-23 15:00:00,available,standard
271,CLINIC-001,DR-001,2026-09-23 15:00:00,2026-09-23 15:30:00,available,standard
272,CLINIC-001,DR-001,2026-09-23 15:30:00,2026-09-23 16:00:00,available,standard
273,CLINIC-001,DR-001,2026-09-23 16:00:00,2026-09-23 16:30:00,available,standard
274,CLINIC-001,DR-001,2026-09-23 16:30:00,2026-09-23 17:00:00,available,standard
275,CLINIC-001,DR-004,2026-09-23 09:00:00,2026-09-23 09:30:00,available,standard
276,CLINIC-001,DR-004,2026-09-23 09:30:00,2026-09-23 10:00:00,available,standard
277,CLINIC-001,DR-004,2026-09-23 10:00:00,2026-09-23 10:30:00,available,standard
278,CLINIC-001,DR-004,2026-09-23 10:30:00,2026-09-23 11:00:00,available,standard
279,CLINIC-001,DR-004,2026-09-23 11:00:00,2026-09-23 11:30:00,available,standard
280,CLINIC-001,DR-004,2026-09-23 11:30:00,2026-09-23 12:00:00,available,standard
281,CLINIC-001,DR-004,2026-09-23 13:00:00,2026-09-23 13:30:00,blocked,admin_break
282,CLINIC-001,DR-004,2026-09-23 13:30:00,2026-09-23 14:00:00,blocked,admin_break
283,CLINIC-001,DR-004,2026-09-23 14:00:00,2026-09-23 14:30:00,available,standard
284,CLINIC-001,DR-004,2026-09-23 14:30:00,2026-09-23 15:00:00,available,standard
285,CLINIC-001,DR-004,2026-09-23 15:00:00,2026-09-23 15:30:00,available,standard
286,CLINIC-001,DR-004,2026-09-23 15:30:00,2026-09-23 16:00:00,available,standard
287,CLINIC-001,DR-005,2026-09-23 12:00:00,2026-09-23 12:30:00,available,standard
288,CLINIC-001,DR-005,2026-09-23 12:30:00,2026-09-23 13:00:00,available,standard
289,CLINIC-001,DR-005,2026-09-23 13:00:00,2026-09-23 13:30:00,blocked,admin_break
290,CLINIC-001,DR-005,2026-09-23 13:30:00,2026-09-23 14:00:00,blocked,admin_break
291,CLINIC-001,DR-005,2026-09-23 14:00:00,2026-09-23 14:30:00,available,standard
292,CLINIC-001,DR-005,2026-09-23 14:30:00,2026-09-23 15:00:00,available,standard
293,CLINIC-001,DR-005,2026-09-23 16:00:00,2026-09-23 16:30:00,available,standard
294,CLINIC-001,DR-005,2026-09-23 16:30:00,2026-09-23 17:00:00,available,standard
295,CLINIC-001,DR-005,2026-09-23 17:00:00,2026-09-23 17:30:00,available,standard
296,CLINIC-001,DR-005,2026-09-23 17:30:00,2026-09-23 18:00:00,available,standard
297,CLINIC-001,DR-005,2026-09-23 18:00:00,2026-09-23 18:30:00,available,standard
298,CLINIC-001,DR-005,2026-09-23 18:30:00,2026-09-23 19:00:00,available,standard
299,CLINIC-001,DR-002,2026-09-24 10:00:00,2026-09-24 10:30:00,available,standard
300,CLINIC-001,DR-002,2026-09-24 10:30:00,2026-09-24 11:00:00,available,standard
301,CLINIC-001,DR-002,2026-09-24 11:00:00,2026-09-24 11:30:00,available,standard
302,CLINIC-001,DR-002,2026-09-24 11:30:00,2026-09-24 12:00:00,available,standard
303,CLINIC-001,DR-002,2026-09-24 12:00:00,2026-09-24 12:30:00,available,standard
304,CLINIC-001,DR-002,2026-09-24 12:30:00,2026-09-24 13:00:00,available,standard
305,CLINIC-001,DR-002,2026-09-24 14:00:00,2026-09-24 14:30:00,available,standard
306,CLINIC-001,DR-002,2026-09-24 14:30:00,2026-09-24 15:00:00,available,standard
307,CLINIC-001,DR-002,2026-09-24 15:00:00,2026-09-24 15:30:00,available,standard
308,CLINIC-001,DR-002,2026-09-24 15:30:00,2026-09-24 16:00:00,available,standard
309,CLINIC-001,DR-002,2026-09-24 16:00:00,2026-09-24 16:30:00,available,standard
310,CLINIC-001,DR-002,2026-09-24 16:30:00,2026-09-24 17:00:00,available,standard
311,CLINIC-001,DR-003,2026-09-24 11:00:00,2026-09-24 11:30:00,available,standard
312,CLINIC-001,DR-003,2026-09-24 11:30:00,2026-09-24 12:00:00,available,standard
313,CLINIC-001,DR-003,2026-09-24 12:00:00,2026-09-24 12:30:00,available,standard
314,CLINIC-001,DR-003,2026-09-24 12:30:00,2026-09-24 13:00:00,available,standard
315,CLINIC-001,DR-003,2026-09-24 13:00:00,2026-09-24 13:30:00,blocked,admin_break
316,CLINIC-001,DR-003,2026-09-24 13:30:00,2026-09-24 14:00:00,blocked,admin_break
317,CLINIC-001,DR-003,2026-09-24 15:00:00,2026-09-24 15:30:00,available,standard
318,CLINIC-001,DR-003,2026-09-24 15:30:00,2026-09-24 16:00:00,available,standard
319,CLINIC-001,DR-003,2026-09-24 16:00:00,2026-09-24 16:30:00,available,standard
320,CLINIC-001,DR-003,2026-09-24 16:30:00,2026-09-24 17:00:00,available,standard
321,CLINIC-001,DR-003,2026-09-24 17:00:00,2026-09-24 17:30:00,available,standard
322,CLINIC-001,DR-003,2026-09-24 17:30:00,2026-09-24 18:00:00,available,standard
323,CLINIC-001,DR-001,2026-09-25 09:00:00,2026-09-25 09:30:00,available,standard
324,CLINIC-001,DR-001,2026-09-25 09:30:00,2026-09-25 10:00:00,available,standard
325,CLINIC-001,DR-001,2026-09-25 10:00:00,2026-09-25 10:30:00,available,standard
326,CLINIC-001,DR-001,2026-09-25 10:30:00,2026-09-25 11:00:00,available,standard
327,CLINIC-001,DR-001,2026-09-25 11:00:00,2026-09-25 11:30:00,available,standard
328,CLINIC-001,DR-001,2026-09-25 11:30:00,2026-09-25 12:00:00,available,standard
329,CLINIC-001,DR-001,2026-09-25 12:00:00,2026-09-25 12:30:00,available,standard
330,CLINIC-001,DR-001,2026-09-25 12:30:00,2026-09-25 13:00:00,available,standard
331,CLINIC-001,DR-001,2026-09-25 14:00:00,2026-09-25 14:30:00,available,standard
332,CLINIC-001,DR-001,2026-09-25 14:30:00,2026-09-25 15:00:00,available,standard
333,CLINIC-001,DR-001,2026-09-25 15:00:00,2026-09-25 15:30:00,available,standard
334,CLINIC-001,DR-001,2026-09-25 15:30:00,2026-09-25 16:00:00,available,standard
335,CLINIC-001,DR-001,2026-09-25 16:00:00,2026-09-25 16:30:00,available,standard
336,CLINIC-001,DR-001,2026-09-25 16:30:00,2026-09-25 17:00:00,available,standard
337,CLINIC-001,DR-005,2026-09-25 12:00:00,2026-09-25 12:30:00,available,standard
338,CLINIC-001,DR-005,2026-09-25 12:30:00,2026-09-25 13:00:00,available,standard
339,CLINIC-001,DR-005,2026-09-25 13:00:00,2026-09-25 13:30:00,blocked,admin_break
340,CLINIC-001,DR-005,2026-09-25 13:30:00,2026-09-25 14:00:00,blocked,admin_break
341,CLINIC-001,DR-005,2026-09-25 14:00:00,2026-09-25 14:30:00,available,standard
342,CLINIC-001,DR-005,2026-09-25 14:30:00,2026-09-25 15:00:00,available,standard
343,CLINIC-001,DR-005,2026-09-25 16:00:00,2026-09-25 16:30:00,available,standard
344,CLINIC-001,DR-005,2026-09-25 16:30:00,2026-09-25 17:00:00,available,standard
345,CLINIC-001,DR-005,2026-09-25 17:00:00,2026-09-25 17:30:00,available,standard
346,CLINIC-001,DR-005,2026-09-25 17:30:00,2026-09-25 18:00:00,available,standard
347,CLINIC-001,DR-005,2026-09-25 18:00:00,2026-09-25 18:30:00,available,standard
348,CLINIC-001,DR-005,2026-09-25 18:30:00,2026-09-25 19:00:00,available,standard
349,CLINIC-001,DR-002,2026-09-26 10:00:00,2026-09-26 10:30:00,available,standard
350,CLINIC-001,DR-002,2026-09-26 10:30:00,2026-09-26 11:00:00,available,standard
351,CLINIC-001,DR-002,2026-09-26 11:00:00,2026-09-26 11:30:00,available,standard
352,CLINIC-001,DR-002,2026-09-26 11:30:00,2026-09-26 12:00:00,available,standard
353,CLINIC-001,DR-002,2026-09-26 12:00:00,2026-09-26 12:30:00,available,standard
354,CLINIC-001,DR-002,2026-09-26 12:30:00,2026-09-26 13:00:00,available,standard
355,CLINIC-001,DR-002,2026-09-26 14:00:00,2026-09-26 14:30:00,available,standard
356,CLINIC-001,DR-002,2026-09-26 14:30:00,2026-09-26 15:00:00,available,standard
357,CLINIC-001,DR-002,2026-09-26 15:00:00,2026-09-26 15:30:00,available,standard
358,CLINIC-001,DR-002,2026-09-26 15:30:00,2026-09-26 16:00:00,available,standard
359,CLINIC-001,DR-002,2026-09-26 16:00:00,2026-09-26 16:30:00,available,standard
360,CLINIC-001,DR-002,2026-09-26 16:30:00,2026-09-26 17:00:00,available,standard
361,CLINIC-001,DR-004,2026-09-26 09:00:00,2026-09-26 09:30:00,available,standard
362,CLINIC-001,DR-004,2026-09-26 09:30:00,2026-09-26 10:00:00,available,standard
363,CLINIC-001,DR-004,2026-09-26 10:00:00,2026-09-26 10:30:00,available,standard
364,CLINIC-001,DR-004,2026-09-26 10:30:00,2026-09-26 11:00:00,available,standard
365,CLINIC-001,DR-004,2026-09-26 11:00:00,2026-09-26 11:30:00,available,standard
366,CLINIC-001,DR-004,2026-09-26 11:30:00,2026-09-26 12:00:00,available,standard
367,CLINIC-001,DR-004,2026-09-26 13:00:00,2026-09-26 13:30:00,available,standard
368,CLINIC-001,DR-004,2026-09-26 13:30:00,2026-09-26 14:00:00,available,standard
369,CLINIC-001,DR-004,2026-09-26 14:00:00,2026-09-26 14:30:00,available,standard
370,CLINIC-001,DR-004,2026-09-26 14:30:00,2026-09-26 15:00:00,available,standard
371,CLINIC-001,DR-004,2026-09-26 15:00:00,2026-09-26 15:30:00,available,standard
372,CLINIC-001,DR-004,2026-09-26 15:30:00,2026-09-26 16:00:00,available,standard
373,CLINIC-001,DR-001,2026-08-17 09:00:00,2026-08-17 09:30:00,available,standard
374,CLINIC-001,DR-001,2026-08-17 09:30:00,2026-08-17 10:00:00,available,standard
375,CLINIC-001,DR-001,2026-08-17 10:00:00,2026-08-17 10:30:00,available,standard
376,CLINIC-001,DR-001,2026-08-17 10:30:00,2026-08-17 11:00:00,available,standard
377,CLINIC-001,DR-001,2026-08-17 11:00:00,2026-08-17 11:30:00,available,standard
378,CLINIC-001,DR-001,2026-08-17 11:30:00,2026-08-17 12:00:00,available,standard
379,CLINIC-001,DR-001,2026-08-17 12:00:00,2026-08-17 12:30:00,available,standard
380,CLINIC-001,DR-001,2026-08-17 12:30:00,2026-08-17 13:00:00,available,standard
381,CLINIC-001,DR-002,2026-08-17 09:30:00,2026-08-17 10:00:00,available,standard
382,CLINIC-001,DR-002,2026-08-17 10:00:00,2026-08-17 10:30:00,available,standard
383,CLINIC-001,DR-002,2026-08-17 10:30:00,2026-08-17 11:00:00,available,standard
384,CLINIC-001,DR-002,2026-08-17 11:00:00,2026-08-17 11:30:00,available,standard
385,CLINIC-001,DR-002,2026-08-17 11:30:00,2026-08-17 12:00:00,available,standard
386,CLINIC-001,DR-002,2026-08-17 12:00:00,2026-08-17 12:30:00,available,standard
387,CLINIC-001,DR-002,2026-08-17 12:30:00,2026-08-17 13:00:00,available,standard
388,CLINIC-001,DR-002,2026-08-17 14:00:00,2026-08-17 14:30:00,available,standard
389,CLINIC-001,DR-003,2026-08-17 10:00:00,2026-08-17 10:30:00,available,standard
390,CLINIC-001,DR-003,2026-08-17 10:30:00,2026-08-17 11:00:00,available,standard
391,CLINIC-001,DR-003,2026-08-17 11:00:00,2026-08-17 11:30:00,available,standard
392,CLINIC-001,DR-003,2026-08-17 11:30:00,2026-08-17 12:00:00,available,standard
393,CLINIC-001,DR-003,2026-08-17 12:00:00,2026-08-17 12:30:00,available,standard
394,CLINIC-001,DR-003,2026-08-17 12:30:00,2026-08-17 13:00:00,available,standard
395,CLINIC-001,DR-003,2026-08-17 14:00:00,2026-08-17 14:30:00,available,standard
396,CLINIC-001,DR-003,2026-08-17 14:30:00,2026-08-17 15:00:00,available,standard
397,CLINIC-001,DR-004,2026-08-17 10:30:00,2026-08-17 11:00:00,available,standard
398,CLINIC-001,DR-004,2026-08-17 11:00:00,2026-08-17 11:30:00,available,standard
399,CLINIC-001,DR-004,2026-08-17 11:30:00,2026-08-17 12:00:00,available,standard
400,CLINIC-001,DR-004,2026-08-17 12:00:00,2026-08-17 12:30:00,available,standard
401,CLINIC-001,DR-004,2026-08-17 12:30:00,2026-08-17 13:00:00,available,standard
402,CLINIC-001,DR-004,2026-08-17 14:00:00,2026-08-17 14:30:00,available,standard
403,CLINIC-001,DR-004,2026-08-17 14:30:00,2026-08-17 15:00:00,available,standard
404,CLINIC-001,DR-004,2026-08-17 15:00:00,2026-08-17 15:30:00,available,standard
405,CLINIC-001,DR-005,2026-08-17 11:00:00,2026-08-17 11:30:00,available,standard
406,CLINIC-001,DR-005,2026-08-17 11:30:00,2026-08-17 12:00:00,available,standard
407,CLINIC-001,DR-005,2026-08-17 12:00:00,2026-08-17 12:30:00,available,standard
408,CLINIC-001,DR-005,2026-08-17 12:30:00,2026-08-17 13:00:00,available,standard
409,CLINIC-001,DR-005,2026-08-17 14:00:00,2026-08-17 14:30:00,available,standard
410,CLINIC-001,DR-005,2026-08-17 14:30:00,2026-08-17 15:00:00,available,standard
411,CLINIC-001,DR-005,2026-08-17 15:00:00,2026-08-17 15:30:00,available,standard
412,CLINIC-001,DR-005,2026-08-17 15:30:00,2026-08-17 16:00:00,available,standard
413,CLINIC-001,DR-001,2026-08-18 09:00:00,2026-08-18 09:30:00,available,standard
414,CLINIC-001,DR-001,2026-08-18 09:30:00,2026-08-18 10:00:00,available,standard
415,CLINIC-001,DR-001,2026-08-18 10:00:00,2026-08-18 10:30:00,available,standard
416,CLINIC-001,DR-001,2026-08-18 10:30:00,2026-08-18 11:00:00,available,standard
417,CLINIC-001,DR-001,2026-08-18 11:00:00,2026-08-18 11:30:00,available,standard
418,CLINIC-001,DR-001,2026-08-18 11:30:00,2026-08-18 12:00:00,available,standard
419,CLINIC-001,DR-001,2026-08-18 12:00:00,2026-08-18 12:30:00,available,standard
420,CLINIC-001,DR-001,2026-08-18 12:30:00,2026-08-18 13:00:00,available,standard
421,CLINIC-001,DR-002,2026-08-18 09:30:00,2026-08-18 10:00:00,available,standard
422,CLINIC-001,DR-002,2026-08-18 10:00:00,2026-08-18 10:30:00,available,standard
423,CLINIC-001,DR-002,2026-08-18 10:30:00,2026-08-18 11:00:00,available,standard
424,CLINIC-001,DR-002,2026-08-18 11:00:00,2026-08-18 11:30:00,available,standard
425,CLINIC-001,DR-002,2026-08-18 11:30:00,2026-08-18 12:00:00,available,standard
426,CLINIC-001,DR-002,2026-08-18 12:00:00,2026-08-18 12:30:00,available,standard
427,CLINIC-001,DR-002,2026-08-18 12:30:00,2026-08-18 13:00:00,available,standard
428,CLINIC-001,DR-002,2026-08-18 14:00:00,2026-08-18 14:30:00,available,standard
429,CLINIC-001,DR-003,2026-08-18 10:00:00,2026-08-18 10:30:00,available,standard
430,CLINIC-001,DR-003,2026-08-18 10:30:00,2026-08-18 11:00:00,available,standard
431,CLINIC-001,DR-003,2026-08-18 11:00:00,2026-08-18 11:30:00,available,standard
432,CLINIC-001,DR-003,2026-08-18 11:30:00,2026-08-18 12:00:00,available,standard
433,CLINIC-001,DR-003,2026-08-18 12:00:00,2026-08-18 12:30:00,available,standard
434,CLINIC-001,DR-003,2026-08-18 12:30:00,2026-08-18 13:00:00,available,standard
435,CLINIC-001,DR-003,2026-08-18 14:00:00,2026-08-18 14:30:00,available,standard
436,CLINIC-001,DR-003,2026-08-18 14:30:00,2026-08-18 15:00:00,available,standard
437,CLINIC-001,DR-004,2026-08-18 10:30:00,2026-08-18 11:00:00,available,standard
438,CLINIC-001,DR-004,2026-08-18 11:00:00,2026-08-18 11:30:00,available,standard
439,CLINIC-001,DR-004,2026-08-18 11:30:00,2026-08-18 12:00:00,available,standard
440,CLINIC-001,DR-004,2026-08-18 12:00:00,2026-08-18 12:30:00,available,standard
441,CLINIC-001,DR-004,2026-08-18 12:30:00,2026-08-18 13:00:00,available,standard
442,CLINIC-001,DR-004,2026-08-18 14:00:00,2026-08-18 14:30:00,available,standard
443,CLINIC-001,DR-004,2026-08-18 14:30:00,2026-08-18 15:00:00,available,standard
444,CLINIC-001,DR-004,2026-08-18 15:00:00,2026-08-18 15:30:00,available,standard
445,CLINIC-001,DR-005,2026-08-18 11:00:00,2026-08-18 11:30:00,available,standard
446,CLINIC-001,DR-005,2026-08-18 11:30:00,2026-08-18 12:00:00,available,standard
447,CLINIC-001,DR-005,2026-08-18 12:00:00,2026-08-18 12:30:00,available,standard
448,CLINIC-001,DR-005,2026-08-18 12:30:00,2026-08-18 13:00:00,available,standard
449,CLINIC-001,DR-005,2026-08-18 14:00:00,2026-08-18 14:30:00,available,standard
450,CLINIC-001,DR-005,2026-08-18 14:30:00,2026-08-18 15:00:00,available,standard
451,CLINIC-001,DR-005,2026-08-18 15:00:00,2026-08-18 15:30:00,available,standard
452,CLINIC-001,DR-005,2026-08-18 15:30:00,2026-08-18 16:00:00,available,standard
453,CLINIC-001,DR-001,2026-08-19 09:00:00,2026-08-19 09:30:00,available,standard
454,CLINIC-001,DR-001,2026-08-19 09:30:00,2026-08-19 10:00:00,available,standard
455,CLINIC-001,DR-001,2026-08-19 10:00:00,2026-08-19 10:30:00,available,standard
456,CLINIC-001,DR-001,2026-08-19 10:30:00,2026-08-19 11:00:00,available,standard
457,CLINIC-001,DR-001,2026-08-19 11:00:00,2026-08-19 11:30:00,available,standard
458,CLINIC-001,DR-001,2026-08-19 11:30:00,2026-08-19 12:00:00,available,standard
459,CLINIC-001,DR-001,2026-08-19 12:00:00,2026-08-19 12:30:00,available,standard
460,CLINIC-001,DR-001,2026-08-19 12:30:00,2026-08-19 13:00:00,available,standard
461,CLINIC-001,DR-002,2026-08-19 09:30:00,2026-08-19 10:00:00,available,standard
462,CLINIC-001,DR-002,2026-08-19 10:00:00,2026-08-19 10:30:00,available,standard
463,CLINIC-001,DR-002,2026-08-19 10:30:00,2026-08-19 11:00:00,available,standard
464,CLINIC-001,DR-002,2026-08-19 11:00:00,2026-08-19 11:30:00,available,standard
465,CLINIC-001,DR-002,2026-08-19 11:30:00,2026-08-19 12:00:00,available,standard
466,CLINIC-001,DR-002,2026-08-19 12:00:00,2026-08-19 12:30:00,available,standard
467,CLINIC-001,DR-002,2026-08-19 12:30:00,2026-08-19 13:00:00,available,standard
468,CLINIC-001,DR-002,2026-08-19 14:00:00,2026-08-19 14:30:00,available,standard
469,CLINIC-001,DR-003,2026-08-19 10:00:00,2026-08-19 10:30:00,available,standard
470,CLINIC-001,DR-003,2026-08-19 10:30:00,2026-08-19 11:00:00,available,standard
471,CLINIC-001,DR-003,2026-08-19 11:00:00,2026-08-19 11:30:00,available,standard
472,CLINIC-001,DR-003,2026-08-19 11:30:00,2026-08-19 12:00:00,available,standard
473,CLINIC-001,DR-003,2026-08-19 12:00:00,2026-08-19 12:30:00,available,standard
474,CLINIC-001,DR-003,2026-08-19 12:30:00,2026-08-19 13:00:00,available,standard
475,CLINIC-001,DR-003,2026-08-19 14:00:00,2026-08-19 14:30:00,available,standard
476,CLINIC-001,DR-003,2026-08-19 14:30:00,2026-08-19 15:00:00,available,standard
477,CLINIC-001,DR-004,2026-08-19 10:30:00,2026-08-19 11:00:00,available,standard
478,CLINIC-001,DR-004,2026-08-19 11:00:00,2026-08-19 11:30:00,available,standard
479,CLINIC-001,DR-004,2026-08-19 11:30:00,2026-08-19 12:00:00,available,standard
480,CLINIC-001,DR-004,2026-08-19 12:00:00,2026-08-19 12:30:00,available,standard
481,CLINIC-001,DR-004,2026-08-19 12:30:00,2026-08-19 13:00:00,available,standard
482,CLINIC-001,DR-004,2026-08-19 14:00:00,2026-08-19 14:30:00,available,standard
483,CLINIC-001,DR-004,2026-08-19 14:30:00,2026-08-19 15:00:00,available,standard
484,CLINIC-001,DR-004,2026-08-19 15:00:00,2026-08-19 15:30:00,available,standard
485,CLINIC-001,DR-005,2026-08-19 11:00:00,2026-08-19 11:30:00,available,standard
486,CLINIC-001,DR-005,2026-08-19 11:30:00,2026-08-19 12:00:00,available,standard
487,CLINIC-001,DR-005,2026-08-19 12:00:00,2026-08-19 12:30:00,available,standard
488,CLINIC-001,DR-005,2026-08-19 12:30:00,2026-08-19 13:00:00,available,standard
489,CLINIC-001,DR-005,2026-08-19 14:00:00,2026-08-19 14:30:00,available,standard
490,CLINIC-001,DR-005,2026-08-19 14:30:00,2026-08-19 15:00:00,available,standard
491,CLINIC-001,DR-005,2026-08-19 15:00:00,2026-08-19 15:30:00,available,standard
492,CLINIC-001,DR-005,2026-08-19 15:30:00,2026-08-19 16:00:00,available,standard
493,CLINIC-001,DR-001,2026-08-20 09:00:00,2026-08-20 09:30:00,available,standard
494,CLINIC-001,DR-001,2026-08-20 09:30:00,2026-08-20 10:00:00,available,standard
495,CLINIC-001,DR-001,2026-08-20 10:00:00,2026-08-20 10:30:00,available,standard
496,CLINIC-001,DR-001,2026-08-20 10:30:00,2026-08-20 11:00:00,available,standard
497,CLINIC-001,DR-001,2026-08-20 11:00:00,2026-08-20 11:30:00,available,standard
498,CLINIC-001,DR-001,2026-08-20 11:30:00,2026-08-20 12:00:00,available,standard
499,CLINIC-001,DR-001,2026-08-20 12:00:00,2026-08-20 12:30:00,available,standard
500,CLINIC-001,DR-001,2026-08-20 12:30:00,2026-08-20 13:00:00,available,standard
501,CLINIC-001,DR-002,2026-08-20 09:30:00,2026-08-20 10:00:00,available,standard
502,CLINIC-001,DR-002,2026-08-20 10:00:00,2026-08-20 10:30:00,available,standard
503,CLINIC-001,DR-002,2026-08-20 10:30:00,2026-08-20 11:00:00,available,standard
504,CLINIC-001,DR-002,2026-08-20 11:00:00,2026-08-20 11:30:00,available,standard
505,CLINIC-001,DR-002,2026-08-20 11:30:00,2026-08-20 12:00:00,available,standard
506,CLINIC-001,DR-002,2026-08-20 12:00:00,2026-08-20 12:30:00,available,standard
507,CLINIC-001,DR-002,2026-08-20 12:30:00,2026-08-20 13:00:00,available,standard
508,CLINIC-001,DR-002,2026-08-20 14:00:00,2026-08-20 14:30:00,available,standard
509,CLINIC-001,DR-003,2026-08-20 10:00:00,2026-08-20 10:30:00,available,standard
510,CLINIC-001,DR-003,2026-08-20 10:30:00,2026-08-20 11:00:00,available,standard
511,CLINIC-001,DR-003,2026-08-20 11:00:00,2026-08-20 11:30:00,available,standard
512,CLINIC-001,DR-003,2026-08-20 11:30:00,2026-08-20 12:00:00,available,standard
513,CLINIC-001,DR-003,2026-08-20 12:00:00,2026-08-20 12:30:00,available,standard
514,CLINIC-001,DR-003,2026-08-20 12:30:00,2026-08-20 13:00:00,available,standard
515,CLINIC-001,DR-003,2026-08-20 14:00:00,2026-08-20 14:30:00,available,standard
516,CLINIC-001,DR-003,2026-08-20 14:30:00,2026-08-20 15:00:00,available,standard
517,CLINIC-001,DR-004,2026-08-20 10:30:00,2026-08-20 11:00:00,available,standard
518,CLINIC-001,DR-004,2026-08-20 11:00:00,2026-08-20 11:30:00,available,standard
519,CLINIC-001,DR-004,2026-08-20 11:30:00,2026-08-20 12:00:00,available,standard
520,CLINIC-001,DR-004,2026-08-20 12:00:00,2026-08-20 12:30:00,available,standard
521,CLINIC-001,DR-004,2026-08-20 12:30:00,2026-08-20 13:00:00,available,standard
522,CLINIC-001,DR-004,2026-08-20 14:00:00,2026-08-20 14:30:00,available,standard
523,CLINIC-001,DR-004,2026-08-20 14:30:00,2026-08-20 15:00:00,available,standard
524,CLINIC-001,DR-004,2026-08-20 15:00:00,2026-08-20 15:30:00,available,standard
525,CLINIC-001,DR-005,2026-08-20 11:00:00,2026-08-20 11:30:00,available,standard
526,CLINIC-001,DR-005,2026-08-20 11:30:00,2026-08-20 12:00:00,available,standard
527,CLINIC-001,DR-005,2026-08-20 12:00:00,2026-08-20 12:30:00,available,standard
528,CLINIC-001,DR-005,2026-08-20 12:30:00,2026-08-20 13:00:00,available,standard
529,CLINIC-001,DR-005,2026-08-20 14:00:00,2026-08-20 14:30:00,available,standard
530,CLINIC-001,DR-005,2026-08-20 14:30:00,2026-08-20 15:00:00,available,standard
531,CLINIC-001,DR-005,2026-08-20 15:00:00,2026-08-20 15:30:00,available,standard
532,CLINIC-001,DR-005,2026-08-20 15:30:00,2026-08-20 16:00:00,available,standard
533,CLINIC-001,DR-001,2026-08-21 09:00:00,2026-08-21 09:30:00,available,standard
534,CLINIC-001,DR-001,2026-08-21 09:30:00,2026-08-21 10:00:00,available,standard
535,CLINIC-001,DR-001,2026-08-21 10:00:00,2026-08-21 10:30:00,available,standard
536,CLINIC-001,DR-001,2026-08-21 10:30:00,2026-08-21 11:00:00,available,standard
537,CLINIC-001,DR-001,2026-08-21 11:00:00,2026-08-21 11:30:00,available,standard
538,CLINIC-001,DR-001,2026-08-21 11:30:00,2026-08-21 12:00:00,available,standard
539,CLINIC-001,DR-001,2026-08-21 12:00:00,2026-08-21 12:30:00,available,standard
540,CLINIC-001,DR-001,2026-08-21 12:30:00,2026-08-21 13:00:00,available,standard
541,CLINIC-001,DR-002,2026-08-21 09:30:00,2026-08-21 10:00:00,available,standard
542,CLINIC-001,DR-002,2026-08-21 10:00:00,2026-08-21 10:30:00,available,standard
543,CLINIC-001,DR-002,2026-08-21 10:30:00,2026-08-21 11:00:00,available,standard
544,CLINIC-001,DR-002,2026-08-21 11:00:00,2026-08-21 11:30:00,available,standard
545,CLINIC-001,DR-002,2026-08-21 11:30:00,2026-08-21 12:00:00,available,standard
546,CLINIC-001,DR-002,2026-08-21 12:00:00,2026-08-21 12:30:00,available,standard
547,CLINIC-001,DR-002,2026-08-21 12:30:00,2026-08-21 13:00:00,available,standard
548,CLINIC-001,DR-002,2026-08-21 14:00:00,2026-08-21 14:30:00,available,standard
549,CLINIC-001,DR-003,2026-08-21 10:00:00,2026-08-21 10:30:00,available,standard
550,CLINIC-001,DR-003,2026-08-21 10:30:00,2026-08-21 11:00:00,available,standard
551,CLINIC-001,DR-003,2026-08-21 11:00:00,2026-08-21 11:30:00,available,standard
552,CLINIC-001,DR-003,2026-08-21 11:30:00,2026-08-21 12:00:00,available,standard
553,CLINIC-001,DR-003,2026-08-21 12:00:00,2026-08-21 12:30:00,available,standard
554,CLINIC-001,DR-003,2026-08-21 12:30:00,2026-08-21 13:00:00,available,standard
555,CLINIC-001,DR-003,2026-08-21 14:00:00,2026-08-21 14:30:00,available,standard
556,CLINIC-001,DR-003,2026-08-21 14:30:00,2026-08-21 15:00:00,available,standard
557,CLINIC-001,DR-004,2026-08-21 10:30:00,2026-08-21 11:00:00,available,standard
558,CLINIC-001,DR-004,2026-08-21 11:00:00,2026-08-21 11:30:00,available,standard
559,CLINIC-001,DR-004,2026-08-21 11:30:00,2026-08-21 12:00:00,available,standard
560,CLINIC-001,DR-004,2026-08-21 12:00:00,2026-08-21 12:30:00,available,standard
561,CLINIC-001,DR-004,2026-08-21 12:30:00,2026-08-21 13:00:00,available,standard
562,CLINIC-001,DR-004,2026-08-21 14:00:00,2026-08-21 14:30:00,available,standard
563,CLINIC-001,DR-004,2026-08-21 14:30:00,2026-08-21 15:00:00,available,standard
564,CLINIC-001,DR-004,2026-08-21 15:00:00,2026-08-21 15:30:00,available,standard
565,CLINIC-001,DR-005,2026-08-21 11:00:00,2026-08-21 11:30:00,available,standard
566,CLINIC-001,DR-005,2026-08-21 11:30:00,2026-08-21 12:00:00,available,standard
567,CLINIC-001,DR-005,2026-08-21 12:00:00,2026-08-21 12:30:00,available,standard
568,CLINIC-001,DR-005,2026-08-21 12:30:00,2026-08-21 13:00:00,available,standard
569,CLINIC-001,DR-005,2026-08-21 14:00:00,2026-08-21 14:30:00,available,standard
570,CLINIC-001,DR-005,2026-08-21 14:30:00,2026-08-21 15:00:00,available,standard
571,CLINIC-001,DR-005,2026-08-21 15:00:00,2026-08-21 15:30:00,available,standard
572,CLINIC-001,DR-005,2026-08-21 15:30:00,2026-08-21 16:00:00,available,standard
573,CLINIC-001,DR-001,2026-08-22 10:00:00,2026-08-22 10:30:00,available,standard
574,CLINIC-001,DR-001,2026-08-22 10:30:00,2026-08-22 11:00:00,available,standard
575,CLINIC-001,DR-001,2026-08-22 11:00:00,2026-08-22 11:30:00,available,standard
576,CLINIC-001,DR-001,2026-08-22 11:30:00,2026-08-22 12:00:00,available,standard
577,CLINIC-001,DR-001,2026-08-22 12:00:00,2026-08-22 12:30:00,available,standard
578,CLINIC-001,DR-001,2026-08-22 12:30:00,2026-08-22 13:00:00,available,standard
579,CLINIC-001,DR-001,2026-08-22 13:00:00,2026-08-22 13:30:00,available,standard
580,CLINIC-001,DR-001,2026-08-22 13:30:00,2026-08-22 14:00:00,available,standard
581,CLINIC-001,DR-002,2026-08-22 10:30:00,2026-08-22 11:00:00,available,standard
582,CLINIC-001,DR-002,2026-08-22 11:00:00,2026-08-22 11:30:00,available,standard
583,CLINIC-001,DR-002,2026-08-22 11:30:00,2026-08-22 12:00:00,available,standard
584,CLINIC-001,DR-002,2026-08-22 12:00:00,2026-08-22 12:30:00,available,standard
585,CLINIC-001,DR-002,2026-08-22 12:30:00,2026-08-22 13:00:00,available,standard
586,CLINIC-001,DR-002,2026-08-22 13:00:00,2026-08-22 13:30:00,available,standard
587,CLINIC-001,DR-002,2026-08-22 13:30:00,2026-08-22 14:00:00,available,standard
588,CLINIC-001,DR-002,2026-08-22 14:00:00,2026-08-22 14:30:00,available,standard
589,CLINIC-001,DR-003,2026-08-22 11:00:00,2026-08-22 11:30:00,available,standard
590,CLINIC-001,DR-003,2026-08-22 11:30:00,2026-08-22 12:00:00,available,standard
591,CLINIC-001,DR-003,2026-08-22 12:00:00,2026-08-22 12:30:00,available,standard
592,CLINIC-001,DR-003,2026-08-22 12:30:00,2026-08-22 13:00:00,available,standard
593,CLINIC-001,DR-003,2026-08-22 13:00:00,2026-08-22 13:30:00,available,standard
594,CLINIC-001,DR-003,2026-08-22 13:30:00,2026-08-22 14:00:00,available,standard
595,CLINIC-001,DR-003,2026-08-22 14:00:00,2026-08-22 14:30:00,available,standard
596,CLINIC-001,DR-003,2026-08-22 14:30:00,2026-08-22 15:00:00,available,standard
597,CLINIC-001,DR-004,2026-08-22 11:30:00,2026-08-22 12:00:00,available,standard
598,CLINIC-001,DR-004,2026-08-22 12:00:00,2026-08-22 12:30:00,available,standard
599,CLINIC-001,DR-004,2026-08-22 12:30:00,2026-08-22 13:00:00,available,standard
600,CLINIC-001,DR-004,2026-08-22 13:00:00,2026-08-22 13:30:00,available,standard
601,CLINIC-001,DR-004,2026-08-22 13:30:00,2026-08-22 14:00:00,available,standard
602,CLINIC-001,DR-004,2026-08-22 14:00:00,2026-08-22 14:30:00,available,standard
603,CLINIC-001,DR-004,2026-08-22 14:30:00,2026-08-22 15:00:00,available,standard
604,CLINIC-001,DR-004,2026-08-22 15:00:00,2026-08-22 15:30:00,available,standard
605,CLINIC-001,DR-005,2026-08-22 10:00:00,2026-08-22 10:30:00,available,standard
606,CLINIC-001,DR-005,2026-08-22 10:30:00,2026-08-22 11:00:00,available,standard
607,CLINIC-001,DR-005,2026-08-22 11:00:00,2026-08-22 11:30:00,available,standard
608,CLINIC-001,DR-005,2026-08-22 11:30:00,2026-08-22 12:00:00,available,standard
609,CLINIC-001,DR-005,2026-08-22 12:00:00,2026-08-22 12:30:00,available,standard
610,CLINIC-001,DR-005,2026-08-22 12:30:00,2026-08-22 13:00:00,available,standard
611,CLINIC-001,DR-005,2026-08-22 13:00:00,2026-08-22 13:30:00,available,standard
612,CLINIC-001,DR-005,2026-08-22 13:30:00,2026-08-22 14:00:00,available,standard
613,CLINIC-001,DR-001,2026-08-24 09:00:00,2026-08-24 09:30:00,available,standard
614,CLINIC-001,DR-001,2026-08-24 09:30:00,2026-08-24 10:00:00,available,standard
615,CLINIC-001,DR-001,2026-08-24 10:00:00,2026-08-24 10:30:00,available,standard
616,CLINIC-001,DR-001,2026-08-24 10:30:00,2026-08-24 11:00:00,available,standard
617,CLINIC-001,DR-001,2026-08-24 11:00:00,2026-08-24 11:30:00,available,standard
618,CLINIC-001,DR-001,2026-08-24 11:30:00,2026-08-24 12:00:00,available,standard
619,CLINIC-001,DR-001,2026-08-24 12:00:00,2026-08-24 12:30:00,available,standard
620,CLINIC-001,DR-001,2026-08-24 12:30:00,2026-08-24 13:00:00,available,standard
621,CLINIC-001,DR-002,2026-08-24 09:30:00,2026-08-24 10:00:00,available,standard
622,CLINIC-001,DR-002,2026-08-24 10:00:00,2026-08-24 10:30:00,available,standard
623,CLINIC-001,DR-002,2026-08-24 10:30:00,2026-08-24 11:00:00,available,standard
624,CLINIC-001,DR-002,2026-08-24 11:00:00,2026-08-24 11:30:00,available,standard
625,CLINIC-001,DR-002,2026-08-24 11:30:00,2026-08-24 12:00:00,available,standard
626,CLINIC-001,DR-002,2026-08-24 12:00:00,2026-08-24 12:30:00,available,standard
627,CLINIC-001,DR-002,2026-08-24 12:30:00,2026-08-24 13:00:00,available,standard
628,CLINIC-001,DR-002,2026-08-24 14:00:00,2026-08-24 14:30:00,available,standard
629,CLINIC-001,DR-003,2026-08-24 10:00:00,2026-08-24 10:30:00,available,standard
630,CLINIC-001,DR-003,2026-08-24 10:30:00,2026-08-24 11:00:00,available,standard
631,CLINIC-001,DR-003,2026-08-24 11:00:00,2026-08-24 11:30:00,available,standard
632,CLINIC-001,DR-003,2026-08-24 11:30:00,2026-08-24 12:00:00,available,standard
633,CLINIC-001,DR-003,2026-08-24 12:00:00,2026-08-24 12:30:00,available,standard
634,CLINIC-001,DR-003,2026-08-24 12:30:00,2026-08-24 13:00:00,available,standard
635,CLINIC-001,DR-003,2026-08-24 14:00:00,2026-08-24 14:30:00,available,standard
636,CLINIC-001,DR-003,2026-08-24 14:30:00,2026-08-24 15:00:00,available,standard
637,CLINIC-001,DR-004,2026-08-24 10:30:00,2026-08-24 11:00:00,available,standard
638,CLINIC-001,DR-004,2026-08-24 11:00:00,2026-08-24 11:30:00,available,standard
639,CLINIC-001,DR-004,2026-08-24 11:30:00,2026-08-24 12:00:00,available,standard
640,CLINIC-001,DR-004,2026-08-24 12:00:00,2026-08-24 12:30:00,available,standard
641,CLINIC-001,DR-004,2026-08-24 12:30:00,2026-08-24 13:00:00,available,standard
642,CLINIC-001,DR-004,2026-08-24 14:00:00,2026-08-24 14:30:00,available,standard
643,CLINIC-001,DR-004,2026-08-24 14:30:00,2026-08-24 15:00:00,available,standard
644,CLINIC-001,DR-004,2026-08-24 15:00:00,2026-08-24 15:30:00,available,standard
645,CLINIC-001,DR-005,2026-08-24 11:00:00,2026-08-24 11:30:00,available,standard
646,CLINIC-001,DR-005,2026-08-24 11:30:00,2026-08-24 12:00:00,available,standard
647,CLINIC-001,DR-005,2026-08-24 12:00:00,2026-08-24 12:30:00,available,standard
648,CLINIC-001,DR-005,2026-08-24 12:30:00,2026-08-24 13:00:00,available,standard
649,CLINIC-001,DR-005,2026-08-24 14:00:00,2026-08-24 14:30:00,available,standard
650,CLINIC-001,DR-005,2026-08-24 14:30:00,2026-08-24 15:00:00,available,standard
651,CLINIC-001,DR-005,2026-08-24 15:00:00,2026-08-24 15:30:00,available,standard
652,CLINIC-001,DR-005,2026-08-24 15:30:00,2026-08-24 16:00:00,available,standard
653,CLINIC-001,DR-001,2026-08-25 09:00:00,2026-08-25 09:30:00,available,standard
654,CLINIC-001,DR-001,2026-08-25 09:30:00,2026-08-25 10:00:00,available,standard
655,CLINIC-001,DR-001,2026-08-25 10:00:00,2026-08-25 10:30:00,available,standard
656,CLINIC-001,DR-001,2026-08-25 10:30:00,2026-08-25 11:00:00,available,standard
657,CLINIC-001,DR-001,2026-08-25 11:00:00,2026-08-25 11:30:00,available,standard
658,CLINIC-001,DR-001,2026-08-25 11:30:00,2026-08-25 12:00:00,available,standard
659,CLINIC-001,DR-001,2026-08-25 12:00:00,2026-08-25 12:30:00,available,standard
660,CLINIC-001,DR-001,2026-08-25 12:30:00,2026-08-25 13:00:00,available,standard
661,CLINIC-001,DR-002,2026-08-25 09:30:00,2026-08-25 10:00:00,available,standard
662,CLINIC-001,DR-002,2026-08-25 10:00:00,2026-08-25 10:30:00,available,standard
663,CLINIC-001,DR-002,2026-08-25 10:30:00,2026-08-25 11:00:00,available,standard
664,CLINIC-001,DR-002,2026-08-25 11:00:00,2026-08-25 11:30:00,available,standard
665,CLINIC-001,DR-002,2026-08-25 11:30:00,2026-08-25 12:00:00,available,standard
666,CLINIC-001,DR-002,2026-08-25 12:00:00,2026-08-25 12:30:00,available,standard
667,CLINIC-001,DR-002,2026-08-25 12:30:00,2026-08-25 13:00:00,available,standard
668,CLINIC-001,DR-002,2026-08-25 14:00:00,2026-08-25 14:30:00,available,standard
669,CLINIC-001,DR-003,2026-08-25 10:00:00,2026-08-25 10:30:00,available,standard
670,CLINIC-001,DR-003,2026-08-25 10:30:00,2026-08-25 11:00:00,available,standard
671,CLINIC-001,DR-003,2026-08-25 11:00:00,2026-08-25 11:30:00,available,standard
672,CLINIC-001,DR-003,2026-08-25 11:30:00,2026-08-25 12:00:00,available,standard
673,CLINIC-001,DR-003,2026-08-25 12:00:00,2026-08-25 12:30:00,available,standard
674,CLINIC-001,DR-003,2026-08-25 12:30:00,2026-08-25 13:00:00,available,standard
675,CLINIC-001,DR-003,2026-08-25 14:00:00,2026-08-25 14:30:00,available,standard
676,CLINIC-001,DR-003,2026-08-25 14:30:00,2026-08-25 15:00:00,available,standard
677,CLINIC-001,DR-004,2026-08-25 10:30:00,2026-08-25 11:00:00,available,standard
678,CLINIC-001,DR-004,2026-08-25 11:00:00,2026-08-25 11:30:00,available,standard
679,CLINIC-001,DR-004,2026-08-25 11:30:00,2026-08-25 12:00:00,available,standard
680,CLINIC-001,DR-004,2026-08-25 12:00:00,2026-08-25 12:30:00,available,standard
681,CLINIC-001,DR-004,2026-08-25 12:30:00,2026-08-25 13:00:00,available,standard
682,CLINIC-001,DR-004,2026-08-25 14:00:00,2026-08-25 14:30:00,available,standard
683,CLINIC-001,DR-004,2026-08-25 14:30:00,2026-08-25 15:00:00,available,standard
684,CLINIC-001,DR-004,2026-08-25 15:00:00,2026-08-25 15:30:00,available,standard
685,CLINIC-001,DR-005,2026-08-25 11:00:00,2026-08-25 11:30:00,available,standard
686,CLINIC-001,DR-005,2026-08-25 11:30:00,2026-08-25 12:00:00,available,standard
687,CLINIC-001,DR-005,2026-08-25 12:00:00,2026-08-25 12:30:00,available,standard
688,CLINIC-001,DR-005,2026-08-25 12:30:00,2026-08-25 13:00:00,available,standard
689,CLINIC-001,DR-005,2026-08-25 14:00:00,2026-08-25 14:30:00,available,standard
690,CLINIC-001,DR-005,2026-08-25 14:30:00,2026-08-25 15:00:00,available,standard
691,CLINIC-001,DR-005,2026-08-25 15:00:00,2026-08-25 15:30:00,available,standard
692,CLINIC-001,DR-005,2026-08-25 15:30:00,2026-08-25 16:00:00,available,standard
693,CLINIC-001,DR-001,2026-08-26 09:00:00,2026-08-26 09:30:00,available,standard
694,CLINIC-001,DR-001,2026-08-26 09:30:00,2026-08-26 10:00:00,available,standard
695,CLINIC-001,DR-001,2026-08-26 10:00:00,2026-08-26 10:30:00,available,standard
696,CLINIC-001,DR-001,2026-08-26 10:30:00,2026-08-26 11:00:00,available,standard
697,CLINIC-001,DR-001,2026-08-26 11:00:00,2026-08-26 11:30:00,available,standard
698,CLINIC-001,DR-001,2026-08-26 11:30:00,2026-08-26 12:00:00,available,standard
699,CLINIC-001,DR-001,2026-08-26 12:00:00,2026-08-26 12:30:00,available,standard
700,CLINIC-001,DR-001,2026-08-26 12:30:00,2026-08-26 13:00:00,available,standard
701,CLINIC-001,DR-002,2026-08-26 09:30:00,2026-08-26 10:00:00,available,standard
702,CLINIC-001,DR-002,2026-08-26 10:00:00,2026-08-26 10:30:00,available,standard
703,CLINIC-001,DR-002,2026-08-26 10:30:00,2026-08-26 11:00:00,available,standard
704,CLINIC-001,DR-002,2026-08-26 11:00:00,2026-08-26 11:30:00,available,standard
705,CLINIC-001,DR-002,2026-08-26 11:30:00,2026-08-26 12:00:00,available,standard
706,CLINIC-001,DR-002,2026-08-26 12:00:00,2026-08-26 12:30:00,available,standard
707,CLINIC-001,DR-002,2026-08-26 12:30:00,2026-08-26 13:00:00,available,standard
708,CLINIC-001,DR-002,2026-08-26 14:00:00,2026-08-26 14:30:00,available,standard
709,CLINIC-001,DR-003,2026-08-26 10:00:00,2026-08-26 10:30:00,available,standard
710,CLINIC-001,DR-003,2026-08-26 10:30:00,2026-08-26 11:00:00,available,standard
711,CLINIC-001,DR-003,2026-08-26 11:00:00,2026-08-26 11:30:00,available,standard
712,CLINIC-001,DR-003,2026-08-26 11:30:00,2026-08-26 12:00:00,available,standard
713,CLINIC-001,DR-003,2026-08-26 12:00:00,2026-08-26 12:30:00,available,standard
714,CLINIC-001,DR-003,2026-08-26 12:30:00,2026-08-26 13:00:00,available,standard
715,CLINIC-001,DR-003,2026-08-26 14:00:00,2026-08-26 14:30:00,available,standard
716,CLINIC-001,DR-003,2026-08-26 14:30:00,2026-08-26 15:00:00,available,standard
717,CLINIC-001,DR-004,2026-08-26 10:30:00,2026-08-26 11:00:00,available,standard
718,CLINIC-001,DR-004,2026-08-26 11:00:00,2026-08-26 11:30:00,available,standard
719,CLINIC-001,DR-004,2026-08-26 11:30:00,2026-08-26 12:00:00,available,standard
720,CLINIC-001,DR-004,2026-08-26 12:00:00,2026-08-26 12:30:00,available,standard
721,CLINIC-001,DR-004,2026-08-26 12:30:00,2026-08-26 13:00:00,available,standard
722,CLINIC-001,DR-004,2026-08-26 14:00:00,2026-08-26 14:30:00,available,standard
723,CLINIC-001,DR-004,2026-08-26 14:30:00,2026-08-26 15:00:00,available,standard
724,CLINIC-001,DR-004,2026-08-26 15:00:00,2026-08-26 15:30:00,available,standard
725,CLINIC-001,DR-005,2026-08-26 11:00:00,2026-08-26 11:30:00,available,standard
726,CLINIC-001,DR-005,2026-08-26 11:30:00,2026-08-26 12:00:00,available,standard
727,CLINIC-001,DR-005,2026-08-26 12:00:00,2026-08-26 12:30:00,available,standard
728,CLINIC-001,DR-005,2026-08-26 12:30:00,2026-08-26 13:00:00,available,standard
729,CLINIC-001,DR-005,2026-08-26 14:00:00,2026-08-26 14:30:00,available,standard
730,CLINIC-001,DR-005,2026-08-26 14:30:00,2026-08-26 15:00:00,available,standard
731,CLINIC-001,DR-005,2026-08-26 15:00:00,2026-08-26 15:30:00,available,standard
732,CLINIC-001,DR-005,2026-08-26 15:30:00,2026-08-26 16:00:00,available,standard
733,CLINIC-001,DR-001,2026-08-27 09:00:00,2026-08-27 09:30:00,available,standard
734,CLINIC-001,DR-001,2026-08-27 09:30:00,2026-08-27 10:00:00,available,standard
735,CLINIC-001,DR-001,2026-08-27 10:00:00,2026-08-27 10:30:00,available,standard
736,CLINIC-001,DR-001,2026-08-27 10:30:00,2026-08-27 11:00:00,available,standard
737,CLINIC-001,DR-001,2026-08-27 11:00:00,2026-08-27 11:30:00,available,standard
738,CLINIC-001,DR-001,2026-08-27 11:30:00,2026-08-27 12:00:00,available,standard
739,CLINIC-001,DR-001,2026-08-27 12:00:00,2026-08-27 12:30:00,available,standard
740,CLINIC-001,DR-001,2026-08-27 12:30:00,2026-08-27 13:00:00,available,standard
741,CLINIC-001,DR-002,2026-08-27 09:30:00,2026-08-27 10:00:00,available,standard
742,CLINIC-001,DR-002,2026-08-27 10:00:00,2026-08-27 10:30:00,available,standard
743,CLINIC-001,DR-002,2026-08-27 10:30:00,2026-08-27 11:00:00,available,standard
744,CLINIC-001,DR-002,2026-08-27 11:00:00,2026-08-27 11:30:00,available,standard
745,CLINIC-001,DR-002,2026-08-27 11:30:00,2026-08-27 12:00:00,available,standard
746,CLINIC-001,DR-002,2026-08-27 12:00:00,2026-08-27 12:30:00,available,standard
747,CLINIC-001,DR-002,2026-08-27 12:30:00,2026-08-27 13:00:00,available,standard
748,CLINIC-001,DR-002,2026-08-27 14:00:00,2026-08-27 14:30:00,available,standard
749,CLINIC-001,DR-003,2026-08-27 10:00:00,2026-08-27 10:30:00,available,standard
750,CLINIC-001,DR-003,2026-08-27 10:30:00,2026-08-27 11:00:00,available,standard
751,CLINIC-001,DR-003,2026-08-27 11:00:00,2026-08-27 11:30:00,available,standard
752,CLINIC-001,DR-003,2026-08-27 11:30:00,2026-08-27 12:00:00,available,standard
753,CLINIC-001,DR-003,2026-08-27 12:00:00,2026-08-27 12:30:00,available,standard
754,CLINIC-001,DR-003,2026-08-27 12:30:00,2026-08-27 13:00:00,available,standard
755,CLINIC-001,DR-003,2026-08-27 14:00:00,2026-08-27 14:30:00,available,standard
756,CLINIC-001,DR-003,2026-08-27 14:30:00,2026-08-27 15:00:00,available,standard
757,CLINIC-001,DR-004,2026-08-27 10:30:00,2026-08-27 11:00:00,available,standard
758,CLINIC-001,DR-004,2026-08-27 11:00:00,2026-08-27 11:30:00,available,standard
759,CLINIC-001,DR-004,2026-08-27 11:30:00,2026-08-27 12:00:00,available,standard
760,CLINIC-001,DR-004,2026-08-27 12:00:00,2026-08-27 12:30:00,available,standard
761,CLINIC-001,DR-004,2026-08-27 12:30:00,2026-08-27 13:00:00,available,standard
762,CLINIC-001,DR-004,2026-08-27 14:00:00,2026-08-27 14:30:00,available,standard
763,CLINIC-001,DR-004,2026-08-27 14:30:00,2026-08-27 15:00:00,available,standard
764,CLINIC-001,DR-004,2026-08-27 15:00:00,2026-08-27 15:30:00,available,standard
765,CLINIC-001,DR-005,2026-08-27 11:00:00,2026-08-27 11:30:00,available,standard
766,CLINIC-001,DR-005,2026-08-27 11:30:00,2026-08-27 12:00:00,available,standard
767,CLINIC-001,DR-005,2026-08-27 12:00:00,2026-08-27 12:30:00,available,standard
768,CLINIC-001,DR-005,2026-08-27 12:30:00,2026-08-27 13:00:00,available,standard
769,CLINIC-001,DR-005,2026-08-27 14:00:00,2026-08-27 14:30:00,available,standard
770,CLINIC-001,DR-005,2026-08-27 14:30:00,2026-08-27 15:00:00,available,standard
771,CLINIC-001,DR-005,2026-08-27 15:00:00,2026-08-27 15:30:00,available,standard
772,CLINIC-001,DR-005,2026-08-27 15:30:00,2026-08-27 16:00:00,available,standard
773,CLINIC-001,DR-001,2026-08-28 09:00:00,2026-08-28 09:30:00,available,standard
774,CLINIC-001,DR-001,2026-08-28 09:30:00,2026-08-28 10:00:00,available,standard
775,CLINIC-001,DR-001,2026-08-28 10:00:00,2026-08-28 10:30:00,available,standard
776,CLINIC-001,DR-001,2026-08-28 10:30:00,2026-08-28 11:00:00,available,standard
777,CLINIC-001,DR-001,2026-08-28 11:00:00,2026-08-28 11:30:00,available,standard
778,CLINIC-001,DR-001,2026-08-28 11:30:00,2026-08-28 12:00:00,available,standard
779,CLINIC-001,DR-001,2026-08-28 12:00:00,2026-08-28 12:30:00,available,standard
780,CLINIC-001,DR-001,2026-08-28 12:30:00,2026-08-28 13:00:00,available,standard
781,CLINIC-001,DR-002,2026-08-28 09:30:00,2026-08-28 10:00:00,available,standard
782,CLINIC-001,DR-002,2026-08-28 10:00:00,2026-08-28 10:30:00,available,standard
783,CLINIC-001,DR-002,2026-08-28 10:30:00,2026-08-28 11:00:00,available,standard
784,CLINIC-001,DR-002,2026-08-28 11:00:00,2026-08-28 11:30:00,available,standard
785,CLINIC-001,DR-002,2026-08-28 11:30:00,2026-08-28 12:00:00,available,standard
786,CLINIC-001,DR-002,2026-08-28 12:00:00,2026-08-28 12:30:00,available,standard
787,CLINIC-001,DR-002,2026-08-28 12:30:00,2026-08-28 13:00:00,available,standard
788,CLINIC-001,DR-002,2026-08-28 14:00:00,2026-08-28 14:30:00,available,standard
789,CLINIC-001,DR-003,2026-08-28 10:00:00,2026-08-28 10:30:00,available,standard
790,CLINIC-001,DR-003,2026-08-28 10:30:00,2026-08-28 11:00:00,available,standard
791,CLINIC-001,DR-003,2026-08-28 11:00:00,2026-08-28 11:30:00,available,standard
792,CLINIC-001,DR-003,2026-08-28 11:30:00,2026-08-28 12:00:00,available,standard
793,CLINIC-001,DR-003,2026-08-28 12:00:00,2026-08-28 12:30:00,available,standard
794,CLINIC-001,DR-003,2026-08-28 12:30:00,2026-08-28 13:00:00,available,standard
795,CLINIC-001,DR-003,2026-08-28 14:00:00,2026-08-28 14:30:00,available,standard
796,CLINIC-001,DR-003,2026-08-28 14:30:00,2026-08-28 15:00:00,available,standard
797,CLINIC-001,DR-004,2026-08-28 10:30:00,2026-08-28 11:00:00,available,standard
798,CLINIC-001,DR-004,2026-08-28 11:00:00,2026-08-28 11:30:00,available,standard
799,CLINIC-001,DR-004,2026-08-28 11:30:00,2026-08-28 12:00:00,available,standard
800,CLINIC-001,DR-004,2026-08-28 12:00:00,2026-08-28 12:30:00,available,standard
801,CLINIC-001,DR-004,2026-08-28 12:30:00,2026-08-28 13:00:00,available,standard
802,CLINIC-001,DR-004,2026-08-28 14:00:00,2026-08-28 14:30:00,available,standard
803,CLINIC-001,DR-004,2026-08-28 14:30:00,2026-08-28 15:00:00,available,standard
804,CLINIC-001,DR-004,2026-08-28 15:00:00,2026-08-28 15:30:00,available,standard
805,CLINIC-001,DR-005,2026-08-28 11:00:00,2026-08-28 11:30:00,available,standard
806,CLINIC-001,DR-005,2026-08-28 11:30:00,2026-08-28 12:00:00,available,standard
807,CLINIC-001,DR-005,2026-08-28 12:00:00,2026-08-28 12:30:00,available,standard
808,CLINIC-001,DR-005,2026-08-28 12:30:00,2026-08-28 13:00:00,available,standard
809,CLINIC-001,DR-005,2026-08-28 14:00:00,2026-08-28 14:30:00,available,standard
810,CLINIC-001,DR-005,2026-08-28 14:30:00,2026-08-28 15:00:00,available,standard
811,CLINIC-001,DR-005,2026-08-28 15:00:00,2026-08-28 15:30:00,available,standard
812,CLINIC-001,DR-005,2026-08-28 15:30:00,2026-08-28 16:00:00,available,standard
813,CLINIC-001,DR-001,2026-08-29 10:00:00,2026-08-29 10:30:00,available,standard
814,CLINIC-001,DR-001,2026-08-29 10:30:00,2026-08-29 11:00:00,available,standard
815,CLINIC-001,DR-001,2026-08-29 11:00:00,2026-08-29 11:30:00,available,standard
816,CLINIC-001,DR-001,2026-08-29 11:30:00,2026-08-29 12:00:00,available,standard
817,CLINIC-001,DR-001,2026-08-29 12:00:00,2026-08-29 12:30:00,available,standard
818,CLINIC-001,DR-001,2026-08-29 12:30:00,2026-08-29 13:00:00,available,standard
819,CLINIC-001,DR-001,2026-08-29 13:00:00,2026-08-29 13:30:00,available,standard
820,CLINIC-001,DR-001,2026-08-29 13:30:00,2026-08-29 14:00:00,available,standard
821,CLINIC-001,DR-002,2026-08-29 10:30:00,2026-08-29 11:00:00,available,standard
822,CLINIC-001,DR-002,2026-08-29 11:00:00,2026-08-29 11:30:00,available,standard
823,CLINIC-001,DR-002,2026-08-29 11:30:00,2026-08-29 12:00:00,available,standard
824,CLINIC-001,DR-002,2026-08-29 12:00:00,2026-08-29 12:30:00,available,standard
825,CLINIC-001,DR-002,2026-08-29 12:30:00,2026-08-29 13:00:00,available,standard
826,CLINIC-001,DR-002,2026-08-29 13:00:00,2026-08-29 13:30:00,available,standard
827,CLINIC-001,DR-002,2026-08-29 13:30:00,2026-08-29 14:00:00,available,standard
828,CLINIC-001,DR-002,2026-08-29 14:00:00,2026-08-29 14:30:00,available,standard
829,CLINIC-001,DR-003,2026-08-29 11:00:00,2026-08-29 11:30:00,available,standard
830,CLINIC-001,DR-003,2026-08-29 11:30:00,2026-08-29 12:00:00,available,standard
831,CLINIC-001,DR-003,2026-08-29 12:00:00,2026-08-29 12:30:00,available,standard
832,CLINIC-001,DR-003,2026-08-29 12:30:00,2026-08-29 13:00:00,available,standard
833,CLINIC-001,DR-003,2026-08-29 13:00:00,2026-08-29 13:30:00,available,standard
834,CLINIC-001,DR-003,2026-08-29 13:30:00,2026-08-29 14:00:00,available,standard
835,CLINIC-001,DR-003,2026-08-29 14:00:00,2026-08-29 14:30:00,available,standard
836,CLINIC-001,DR-003,2026-08-29 14:30:00,2026-08-29 15:00:00,available,standard
837,CLINIC-001,DR-004,2026-08-29 11:30:00,2026-08-29 12:00:00,available,standard
838,CLINIC-001,DR-004,2026-08-29 12:00:00,2026-08-29 12:30:00,available,standard
839,CLINIC-001,DR-004,2026-08-29 12:30:00,2026-08-29 13:00:00,available,standard
840,CLINIC-001,DR-004,2026-08-29 13:00:00,2026-08-29 13:30:00,available,standard
841,CLINIC-001,DR-004,2026-08-29 13:30:00,2026-08-29 14:00:00,available,standard
842,CLINIC-001,DR-004,2026-08-29 14:00:00,2026-08-29 14:30:00,available,standard
843,CLINIC-001,DR-004,2026-08-29 14:30:00,2026-08-29 15:00:00,available,standard
844,CLINIC-001,DR-004,2026-08-29 15:00:00,2026-08-29 15:30:00,available,standard
845,CLINIC-001,DR-005,2026-08-29 10:00:00,2026-08-29 10:30:00,available,standard
846,CLINIC-001,DR-005,2026-08-29 10:30:00,2026-08-29 11:00:00,available,standard
847,CLINIC-001,DR-005,2026-08-29 11:00:00,2026-08-29 11:30:00,available,standard
848,CLINIC-001,DR-005,2026-08-29 11:30:00,2026-08-29 12:00:00,available,standard
849,CLINIC-001,DR-005,2026-08-29 12:00:00,2026-08-29 12:30:00,available,standard
850,CLINIC-001,DR-005,2026-08-29 12:30:00,2026-08-29 13:00:00,available,standard
851,CLINIC-001,DR-005,2026-08-29 13:00:00,2026-08-29 13:30:00,available,standard
852,CLINIC-001,DR-005,2026-08-29 13:30:00,2026-08-29 14:00:00,available,standard
853,CLINIC-001,DR-001,2026-08-31 09:00:00,2026-08-31 09:30:00,available,standard
854,CLINIC-001,DR-001,2026-08-31 09:30:00,2026-08-31 10:00:00,available,standard
855,CLINIC-001,DR-001,2026-08-31 10:00:00,2026-08-31 10:30:00,available,standard
856,CLINIC-001,DR-001,2026-08-31 10:30:00,2026-08-31 11:00:00,available,standard
857,CLINIC-001,DR-001,2026-08-31 11:00:00,2026-08-31 11:30:00,available,standard
858,CLINIC-001,DR-001,2026-08-31 11:30:00,2026-08-31 12:00:00,available,standard
859,CLINIC-001,DR-001,2026-08-31 12:00:00,2026-08-31 12:30:00,available,standard
860,CLINIC-001,DR-001,2026-08-31 12:30:00,2026-08-31 13:00:00,available,standard
861,CLINIC-001,DR-002,2026-08-31 09:30:00,2026-08-31 10:00:00,available,standard
862,CLINIC-001,DR-002,2026-08-31 10:00:00,2026-08-31 10:30:00,available,standard
863,CLINIC-001,DR-002,2026-08-31 10:30:00,2026-08-31 11:00:00,available,standard
864,CLINIC-001,DR-002,2026-08-31 11:00:00,2026-08-31 11:30:00,available,standard
865,CLINIC-001,DR-002,2026-08-31 11:30:00,2026-08-31 12:00:00,available,standard
866,CLINIC-001,DR-002,2026-08-31 12:00:00,2026-08-31 12:30:00,available,standard
867,CLINIC-001,DR-002,2026-08-31 12:30:00,2026-08-31 13:00:00,available,standard
868,CLINIC-001,DR-002,2026-08-31 14:00:00,2026-08-31 14:30:00,available,standard
869,CLINIC-001,DR-003,2026-08-31 10:00:00,2026-08-31 10:30:00,available,standard
870,CLINIC-001,DR-003,2026-08-31 10:30:00,2026-08-31 11:00:00,available,standard
871,CLINIC-001,DR-003,2026-08-31 11:00:00,2026-08-31 11:30:00,available,standard
872,CLINIC-001,DR-003,2026-08-31 11:30:00,2026-08-31 12:00:00,available,standard
873,CLINIC-001,DR-003,2026-08-31 12:00:00,2026-08-31 12:30:00,available,standard
874,CLINIC-001,DR-003,2026-08-31 12:30:00,2026-08-31 13:00:00,available,standard
875,CLINIC-001,DR-003,2026-08-31 14:00:00,2026-08-31 14:30:00,available,standard
876,CLINIC-001,DR-003,2026-08-31 14:30:00,2026-08-31 15:00:00,available,standard
877,CLINIC-001,DR-004,2026-08-31 10:30:00,2026-08-31 11:00:00,available,standard
878,CLINIC-001,DR-004,2026-08-31 11:00:00,2026-08-31 11:30:00,available,standard
879,CLINIC-001,DR-004,2026-08-31 11:30:00,2026-08-31 12:00:00,available,standard
880,CLINIC-001,DR-004,2026-08-31 12:00:00,2026-08-31 12:30:00,available,standard
881,CLINIC-001,DR-004,2026-08-31 12:30:00,2026-08-31 13:00:00,available,standard
882,CLINIC-001,DR-004,2026-08-31 14:00:00,2026-08-31 14:30:00,available,standard
883,CLINIC-001,DR-004,2026-08-31 14:30:00,2026-08-31 15:00:00,available,standard
884,CLINIC-001,DR-004,2026-08-31 15:00:00,2026-08-31 15:30:00,available,standard
885,CLINIC-001,DR-005,2026-08-31 11:00:00,2026-08-31 11:30:00,available,standard
886,CLINIC-001,DR-005,2026-08-31 11:30:00,2026-08-31 12:00:00,available,standard
887,CLINIC-001,DR-005,2026-08-31 12:00:00,2026-08-31 12:30:00,available,standard
888,CLINIC-001,DR-005,2026-08-31 12:30:00,2026-08-31 13:00:00,available,standard
889,CLINIC-001,DR-005,2026-08-31 14:00:00,2026-08-31 14:30:00,available,standard
890,CLINIC-001,DR-005,2026-08-31 14:30:00,2026-08-31 15:00:00,available,standard
891,CLINIC-001,DR-005,2026-08-31 15:00:00,2026-08-31 15:30:00,available,standard
892,CLINIC-001,DR-005,2026-08-31 15:30:00,2026-08-31 16:00:00,available,standard
893,CLINIC-001,DR-001,2026-09-01 09:00:00,2026-09-01 09:30:00,available,standard
894,CLINIC-001,DR-001,2026-09-01 09:30:00,2026-09-01 10:00:00,available,standard
895,CLINIC-001,DR-001,2026-09-01 10:00:00,2026-09-01 10:30:00,available,standard
896,CLINIC-001,DR-001,2026-09-01 10:30:00,2026-09-01 11:00:00,available,standard
897,CLINIC-001,DR-001,2026-09-01 11:00:00,2026-09-01 11:30:00,available,standard
898,CLINIC-001,DR-001,2026-09-01 11:30:00,2026-09-01 12:00:00,available,standard
899,CLINIC-001,DR-001,2026-09-01 12:00:00,2026-09-01 12:30:00,available,standard
900,CLINIC-001,DR-001,2026-09-01 12:30:00,2026-09-01 13:00:00,available,standard
901,CLINIC-001,DR-002,2026-09-01 09:30:00,2026-09-01 10:00:00,available,standard
902,CLINIC-001,DR-002,2026-09-01 10:00:00,2026-09-01 10:30:00,available,standard
903,CLINIC-001,DR-002,2026-09-01 10:30:00,2026-09-01 11:00:00,available,standard
904,CLINIC-001,DR-002,2026-09-01 11:00:00,2026-09-01 11:30:00,available,standard
905,CLINIC-001,DR-002,2026-09-01 11:30:00,2026-09-01 12:00:00,available,standard
906,CLINIC-001,DR-002,2026-09-01 12:00:00,2026-09-01 12:30:00,available,standard
907,CLINIC-001,DR-002,2026-09-01 12:30:00,2026-09-01 13:00:00,available,standard
908,CLINIC-001,DR-002,2026-09-01 14:00:00,2026-09-01 14:30:00,available,standard
909,CLINIC-001,DR-003,2026-09-01 10:00:00,2026-09-01 10:30:00,available,standard
910,CLINIC-001,DR-003,2026-09-01 10:30:00,2026-09-01 11:00:00,available,standard
911,CLINIC-001,DR-003,2026-09-01 11:00:00,2026-09-01 11:30:00,available,standard
912,CLINIC-001,DR-003,2026-09-01 11:30:00,2026-09-01 12:00:00,available,standard
913,CLINIC-001,DR-003,2026-09-01 12:00:00,2026-09-01 12:30:00,available,standard
914,CLINIC-001,DR-003,2026-09-01 12:30:00,2026-09-01 13:00:00,available,standard
915,CLINIC-001,DR-003,2026-09-01 14:00:00,2026-09-01 14:30:00,available,standard
916,CLINIC-001,DR-003,2026-09-01 14:30:00,2026-09-01 15:00:00,available,standard
917,CLINIC-001,DR-004,2026-09-01 10:30:00,2026-09-01 11:00:00,available,standard
918,CLINIC-001,DR-004,2026-09-01 11:00:00,2026-09-01 11:30:00,available,standard
919,CLINIC-001,DR-004,2026-09-01 11:30:00,2026-09-01 12:00:00,available,standard
920,CLINIC-001,DR-004,2026-09-01 12:00:00,2026-09-01 12:30:00,available,standard
921,CLINIC-001,DR-004,2026-09-01 12:30:00,2026-09-01 13:00:00,available,standard
922,CLINIC-001,DR-004,2026-09-01 14:00:00,2026-09-01 14:30:00,available,standard
923,CLINIC-001,DR-004,2026-09-01 14:30:00,2026-09-01 15:00:00,available,standard
924,CLINIC-001,DR-004,2026-09-01 15:00:00,2026-09-01 15:30:00,available,standard
925,CLINIC-001,DR-005,2026-09-01 11:00:00,2026-09-01 11:30:00,available,standard
926,CLINIC-001,DR-005,2026-09-01 11:30:00,2026-09-01 12:00:00,available,standard
927,CLINIC-001,DR-005,2026-09-01 12:00:00,2026-09-01 12:30:00,available,standard
928,CLINIC-001,DR-005,2026-09-01 12:30:00,2026-09-01 13:00:00,available,standard
929,CLINIC-001,DR-005,2026-09-01 14:00:00,2026-09-01 14:30:00,available,standard
930,CLINIC-001,DR-005,2026-09-01 14:30:00,2026-09-01 15:00:00,available,standard
931,CLINIC-001,DR-005,2026-09-01 15:00:00,2026-09-01 15:30:00,available,standard
932,CLINIC-001,DR-005,2026-09-01 15:30:00,2026-09-01 16:00:00,available,standard
933,CLINIC-001,DR-001,2026-09-02 09:00:00,2026-09-02 09:30:00,available,standard
934,CLINIC-001,DR-001,2026-09-02 09:30:00,2026-09-02 10:00:00,available,standard
935,CLINIC-001,DR-001,2026-09-02 10:00:00,2026-09-02 10:30:00,available,standard
936,CLINIC-001,DR-001,2026-09-02 10:30:00,2026-09-02 11:00:00,available,standard
937,CLINIC-001,DR-001,2026-09-02 11:00:00,2026-09-02 11:30:00,available,standard
938,CLINIC-001,DR-001,2026-09-02 11:30:00,2026-09-02 12:00:00,available,standard
939,CLINIC-001,DR-001,2026-09-02 12:00:00,2026-09-02 12:30:00,available,standard
940,CLINIC-001,DR-001,2026-09-02 12:30:00,2026-09-02 13:00:00,available,standard
941,CLINIC-001,DR-002,2026-09-02 09:30:00,2026-09-02 10:00:00,available,standard
942,CLINIC-001,DR-002,2026-09-02 10:00:00,2026-09-02 10:30:00,available,standard
943,CLINIC-001,DR-002,2026-09-02 10:30:00,2026-09-02 11:00:00,available,standard
944,CLINIC-001,DR-002,2026-09-02 11:00:00,2026-09-02 11:30:00,available,standard
945,CLINIC-001,DR-002,2026-09-02 11:30:00,2026-09-02 12:00:00,available,standard
946,CLINIC-001,DR-002,2026-09-02 12:00:00,2026-09-02 12:30:00,available,standard
947,CLINIC-001,DR-002,2026-09-02 12:30:00,2026-09-02 13:00:00,available,standard
948,CLINIC-001,DR-002,2026-09-02 14:00:00,2026-09-02 14:30:00,available,standard
949,CLINIC-001,DR-003,2026-09-02 10:00:00,2026-09-02 10:30:00,available,standard
950,CLINIC-001,DR-003,2026-09-02 10:30:00,2026-09-02 11:00:00,available,standard
951,CLINIC-001,DR-003,2026-09-02 11:00:00,2026-09-02 11:30:00,available,standard
952,CLINIC-001,DR-003,2026-09-02 11:30:00,2026-09-02 12:00:00,available,standard
953,CLINIC-001,DR-003,2026-09-02 12:00:00,2026-09-02 12:30:00,available,standard
954,CLINIC-001,DR-003,2026-09-02 12:30:00,2026-09-02 13:00:00,available,standard
955,CLINIC-001,DR-003,2026-09-02 14:00:00,2026-09-02 14:30:00,available,standard
956,CLINIC-001,DR-003,2026-09-02 14:30:00,2026-09-02 15:00:00,available,standard
957,CLINIC-001,DR-004,2026-09-02 10:30:00,2026-09-02 11:00:00,available,standard
958,CLINIC-001,DR-004,2026-09-02 11:00:00,2026-09-02 11:30:00,available,standard
959,CLINIC-001,DR-004,2026-09-02 11:30:00,2026-09-02 12:00:00,available,standard
960,CLINIC-001,DR-004,2026-09-02 12:00:00,2026-09-02 12:30:00,available,standard
961,CLINIC-001,DR-004,2026-09-02 12:30:00,2026-09-02 13:00:00,available,standard
962,CLINIC-001,DR-004,2026-09-02 14:00:00,2026-09-02 14:30:00,available,standard
963,CLINIC-001,DR-004,2026-09-02 14:30:00,2026-09-02 15:00:00,available,standard
964,CLINIC-001,DR-004,2026-09-02 15:00:00,2026-09-02 15:30:00,available,standard
965,CLINIC-001,DR-005,2026-09-02 11:00:00,2026-09-02 11:30:00,available,standard
966,CLINIC-001,DR-005,2026-09-02 11:30:00,2026-09-02 12:00:00,available,standard
967,CLINIC-001,DR-005,2026-09-02 12:00:00,2026-09-02 12:30:00,available,standard
968,CLINIC-001,DR-005,2026-09-02 12:30:00,2026-09-02 13:00:00,available,standard
969,CLINIC-001,DR-005,2026-09-02 14:00:00,2026-09-02 14:30:00,available,standard
970,CLINIC-001,DR-005,2026-09-02 14:30:00,2026-09-02 15:00:00,available,standard
971,CLINIC-001,DR-005,2026-09-02 15:00:00,2026-09-02 15:30:00,available,standard
972,CLINIC-001,DR-005,2026-09-02 15:30:00,2026-09-02 16:00:00,available,standard
973,CLINIC-001,DR-001,2026-09-03 09:00:00,2026-09-03 09:30:00,available,standard
974,CLINIC-001,DR-001,2026-09-03 09:30:00,2026-09-03 10:00:00,available,standard
975,CLINIC-001,DR-001,2026-09-03 10:00:00,2026-09-03 10:30:00,available,standard
976,CLINIC-001,DR-001,2026-09-03 10:30:00,2026-09-03 11:00:00,available,standard
977,CLINIC-001,DR-001,2026-09-03 11:00:00,2026-09-03 11:30:00,available,standard
978,CLINIC-001,DR-001,2026-09-03 11:30:00,2026-09-03 12:00:00,available,standard
979,CLINIC-001,DR-001,2026-09-03 12:00:00,2026-09-03 12:30:00,available,standard
980,CLINIC-001,DR-001,2026-09-03 12:30:00,2026-09-03 13:00:00,available,standard
981,CLINIC-001,DR-002,2026-09-03 09:30:00,2026-09-03 10:00:00,available,standard
982,CLINIC-001,DR-002,2026-09-03 10:00:00,2026-09-03 10:30:00,available,standard
983,CLINIC-001,DR-002,2026-09-03 10:30:00,2026-09-03 11:00:00,available,standard
984,CLINIC-001,DR-002,2026-09-03 11:00:00,2026-09-03 11:30:00,available,standard
985,CLINIC-001,DR-002,2026-09-03 11:30:00,2026-09-03 12:00:00,available,standard
986,CLINIC-001,DR-002,2026-09-03 12:00:00,2026-09-03 12:30:00,available,standard
987,CLINIC-001,DR-002,2026-09-03 12:30:00,2026-09-03 13:00:00,available,standard
988,CLINIC-001,DR-002,2026-09-03 14:00:00,2026-09-03 14:30:00,available,standard
989,CLINIC-001,DR-003,2026-09-03 10:00:00,2026-09-03 10:30:00,available,standard
990,CLINIC-001,DR-003,2026-09-03 10:30:00,2026-09-03 11:00:00,available,standard
991,CLINIC-001,DR-003,2026-09-03 11:00:00,2026-09-03 11:30:00,available,standard
992,CLINIC-001,DR-003,2026-09-03 11:30:00,2026-09-03 12:00:00,available,standard
993,CLINIC-001,DR-003,2026-09-03 12:00:00,2026-09-03 12:30:00,available,standard
994,CLINIC-001,DR-003,2026-09-03 12:30:00,2026-09-03 13:00:00,available,standard
995,CLINIC-001,DR-003,2026-09-03 14:00:00,2026-09-03 14:30:00,available,standard
996,CLINIC-001,DR-003,2026-09-03 14:30:00,2026-09-03 15:00:00,available,standard
997,CLINIC-001,DR-004,2026-09-03 10:30:00,2026-09-03 11:00:00,available,standard
998,CLINIC-001,DR-004,2026-09-03 11:00:00,2026-09-03 11:30:00,available,standard
999,CLINIC-001,DR-004,2026-09-03 11:30:00,2026-09-03 12:00:00,available,standard
1000,CLINIC-001,DR-004,2026-09-03 12:00:00,2026-09-03 12:30:00,available,standard
1001,CLINIC-001,DR-004,2026-09-03 12:30:00,2026-09-03 13:00:00,available,standard
1002,CLINIC-001,DR-004,2026-09-03 14:00:00,2026-09-03 14:30:00,available,standard
1003,CLINIC-001,DR-004,2026-09-03 14:30:00,2026-09-03 15:00:00,available,standard
1004,CLINIC-001,DR-004,2026-09-03 15:00:00,2026-09-03 15:30:00,available,standard
1005,CLINIC-001,DR-005,2026-09-03 11:00:00,2026-09-03 11:30:00,available,standard
1006,CLINIC-001,DR-005,2026-09-03 11:30:00,2026-09-03 12:00:00,available,standard
1007,CLINIC-001,DR-005,2026-09-03 12:00:00,2026-09-03 12:30:00,available,standard
1008,CLINIC-001,DR-005,2026-09-03 12:30:00,2026-09-03 13:00:00,available,standard
1009,CLINIC-001,DR-005,2026-09-03 14:00:00,2026-09-03 14:30:00,available,standard
1010,CLINIC-001,DR-005,2026-09-03 14:30:00,2026-09-03 15:00:00,available,standard
1011,CLINIC-001,DR-005,2026-09-03 15:00:00,2026-09-03 15:30:00,available,standard
1012,CLINIC-001,DR-005,2026-09-03 15:30:00,2026-09-03 16:00:00,available,standard
1013,CLINIC-001,DR-001,2026-09-04 09:00:00,2026-09-04 09:30:00,available,standard
1014,CLINIC-001,DR-001,2026-09-04 09:30:00,2026-09-04 10:00:00,available,standard
1015,CLINIC-001,DR-001,2026-09-04 10:00:00,2026-09-04 10:30:00,available,standard
1016,CLINIC-001,DR-001,2026-09-04 10:30:00,2026-09-04 11:00:00,available,standard
1017,CLINIC-001,DR-001,2026-09-04 11:00:00,2026-09-04 11:30:00,available,standard
1018,CLINIC-001,DR-001,2026-09-04 11:30:00,2026-09-04 12:00:00,available,standard
1019,CLINIC-001,DR-001,2026-09-04 12:00:00,2026-09-04 12:30:00,available,standard
1020,CLINIC-001,DR-001,2026-09-04 12:30:00,2026-09-04 13:00:00,available,standard
1021,CLINIC-001,DR-002,2026-09-04 09:30:00,2026-09-04 10:00:00,available,standard
1022,CLINIC-001,DR-002,2026-09-04 10:00:00,2026-09-04 10:30:00,available,standard
1023,CLINIC-001,DR-002,2026-09-04 10:30:00,2026-09-04 11:00:00,available,standard
1024,CLINIC-001,DR-002,2026-09-04 11:00:00,2026-09-04 11:30:00,available,standard
1025,CLINIC-001,DR-002,2026-09-04 11:30:00,2026-09-04 12:00:00,available,standard
1026,CLINIC-001,DR-002,2026-09-04 12:00:00,2026-09-04 12:30:00,available,standard
1027,CLINIC-001,DR-002,2026-09-04 12:30:00,2026-09-04 13:00:00,available,standard
1028,CLINIC-001,DR-002,2026-09-04 14:00:00,2026-09-04 14:30:00,available,standard
1029,CLINIC-001,DR-003,2026-09-04 10:00:00,2026-09-04 10:30:00,available,standard
1030,CLINIC-001,DR-003,2026-09-04 10:30:00,2026-09-04 11:00:00,available,standard
1031,CLINIC-001,DR-003,2026-09-04 11:00:00,2026-09-04 11:30:00,available,standard
1032,CLINIC-001,DR-003,2026-09-04 11:30:00,2026-09-04 12:00:00,available,standard
1033,CLINIC-001,DR-003,2026-09-04 12:00:00,2026-09-04 12:30:00,available,standard
1034,CLINIC-001,DR-003,2026-09-04 12:30:00,2026-09-04 13:00:00,available,standard
1035,CLINIC-001,DR-003,2026-09-04 14:00:00,2026-09-04 14:30:00,available,standard
1036,CLINIC-001,DR-003,2026-09-04 14:30:00,2026-09-04 15:00:00,available,standard
1037,CLINIC-001,DR-004,2026-09-04 10:30:00,2026-09-04 11:00:00,available,standard
1038,CLINIC-001,DR-004,2026-09-04 11:00:00,2026-09-04 11:30:00,available,standard
1039,CLINIC-001,DR-004,2026-09-04 11:30:00,2026-09-04 12:00:00,available,standard
1040,CLINIC-001,DR-004,2026-09-04 12:00:00,2026-09-04 12:30:00,available,standard
1041,CLINIC-001,DR-004,2026-09-04 12:30:00,2026-09-04 13:00:00,available,standard
1042,CLINIC-001,DR-004,2026-09-04 14:00:00,2026-09-04 14:30:00,available,standard
1043,CLINIC-001,DR-004,2026-09-04 14:30:00,2026-09-04 15:00:00,available,standard
1044,CLINIC-001,DR-004,2026-09-04 15:00:00,2026-09-04 15:30:00,available,standard
1045,CLINIC-001,DR-005,2026-09-04 11:00:00,2026-09-04 11:30:00,available,standard
1046,CLINIC-001,DR-005,2026-09-04 11:30:00,2026-09-04 12:00:00,available,standard
1047,CLINIC-001,DR-005,2026-09-04 12:00:00,2026-09-04 12:30:00,available,standard
1048,CLINIC-001,DR-005,2026-09-04 12:30:00,2026-09-04 13:00:00,available,standard
1049,CLINIC-001,DR-005,2026-09-04 14:00:00,2026-09-04 14:30:00,available,standard
1050,CLINIC-001,DR-005,2026-09-04 14:30:00,2026-09-04 15:00:00,available,standard
1051,CLINIC-001,DR-005,2026-09-04 15:00:00,2026-09-04 15:30:00,available,standard
1052,CLINIC-001,DR-005,2026-09-04 15:30:00,2026-09-04 16:00:00,available,standard
1053,CLINIC-001,DR-001,2026-09-05 10:00:00,2026-09-05 10:30:00,available,standard
1054,CLINIC-001,DR-001,2026-09-05 10:30:00,2026-09-05 11:00:00,available,standard
1055,CLINIC-001,DR-001,2026-09-05 11:00:00,2026-09-05 11:30:00,available,standard
1056,CLINIC-001,DR-001,2026-09-05 11:30:00,2026-09-05 12:00:00,available,standard
1057,CLINIC-001,DR-001,2026-09-05 12:00:00,2026-09-05 12:30:00,available,standard
1058,CLINIC-001,DR-001,2026-09-05 12:30:00,2026-09-05 13:00:00,available,standard
1059,CLINIC-001,DR-001,2026-09-05 13:00:00,2026-09-05 13:30:00,available,standard
1060,CLINIC-001,DR-001,2026-09-05 13:30:00,2026-09-05 14:00:00,available,standard
1061,CLINIC-001,DR-002,2026-09-05 10:30:00,2026-09-05 11:00:00,available,standard
1062,CLINIC-001,DR-002,2026-09-05 11:00:00,2026-09-05 11:30:00,available,standard
1063,CLINIC-001,DR-002,2026-09-05 11:30:00,2026-09-05 12:00:00,available,standard
1064,CLINIC-001,DR-002,2026-09-05 12:00:00,2026-09-05 12:30:00,available,standard
1065,CLINIC-001,DR-002,2026-09-05 12:30:00,2026-09-05 13:00:00,available,standard
1066,CLINIC-001,DR-002,2026-09-05 13:00:00,2026-09-05 13:30:00,available,standard
1067,CLINIC-001,DR-002,2026-09-05 13:30:00,2026-09-05 14:00:00,available,standard
1068,CLINIC-001,DR-002,2026-09-05 14:00:00,2026-09-05 14:30:00,available,standard
1069,CLINIC-001,DR-003,2026-09-05 11:00:00,2026-09-05 11:30:00,available,standard
1070,CLINIC-001,DR-003,2026-09-05 11:30:00,2026-09-05 12:00:00,available,standard
1071,CLINIC-001,DR-003,2026-09-05 12:00:00,2026-09-05 12:30:00,available,standard
1072,CLINIC-001,DR-003,2026-09-05 12:30:00,2026-09-05 13:00:00,available,standard
1073,CLINIC-001,DR-003,2026-09-05 13:00:00,2026-09-05 13:30:00,available,standard
1074,CLINIC-001,DR-003,2026-09-05 13:30:00,2026-09-05 14:00:00,available,standard
1075,CLINIC-001,DR-003,2026-09-05 14:00:00,2026-09-05 14:30:00,available,standard
1076,CLINIC-001,DR-003,2026-09-05 14:30:00,2026-09-05 15:00:00,available,standard
1077,CLINIC-001,DR-004,2026-09-05 11:30:00,2026-09-05 12:00:00,available,standard
1078,CLINIC-001,DR-004,2026-09-05 12:00:00,2026-09-05 12:30:00,available,standard
1079,CLINIC-001,DR-004,2026-09-05 12:30:00,2026-09-05 13:00:00,available,standard
1080,CLINIC-001,DR-004,2026-09-05 13:00:00,2026-09-05 13:30:00,available,standard
1081,CLINIC-001,DR-004,2026-09-05 13:30:00,2026-09-05 14:00:00,available,standard
1082,CLINIC-001,DR-004,2026-09-05 14:00:00,2026-09-05 14:30:00,available,standard
1083,CLINIC-001,DR-004,2026-09-05 14:30:00,2026-09-05 15:00:00,available,standard
1084,CLINIC-001,DR-004,2026-09-05 15:00:00,2026-09-05 15:30:00,available,standard
1085,CLINIC-001,DR-005,2026-09-05 10:00:00,2026-09-05 10:30:00,available,standard
1086,CLINIC-001,DR-005,2026-09-05 10:30:00,2026-09-05 11:00:00,available,standard
1087,CLINIC-001,DR-005,2026-09-05 11:00:00,2026-09-05 11:30:00,available,standard
1088,CLINIC-001,DR-005,2026-09-05 11:30:00,2026-09-05 12:00:00,available,standard
1089,CLINIC-001,DR-005,2026-09-05 12:00:00,2026-09-05 12:30:00,available,standard
1090,CLINIC-001,DR-005,2026-09-05 12:30:00,2026-09-05 13:00:00,available,standard
1091,CLINIC-001,DR-005,2026-09-05 13:00:00,2026-09-05 13:30:00,available,standard
1092,CLINIC-001,DR-005,2026-09-05 13:30:00,2026-09-05 14:00:00,available,standard
1093,CLINIC-001,DR-001,2026-09-07 09:00:00,2026-09-07 09:30:00,available,standard
1094,CLINIC-001,DR-001,2026-09-07 09:30:00,2026-09-07 10:00:00,available,standard
1095,CLINIC-001,DR-001,2026-09-07 10:00:00,2026-09-07 10:30:00,available,standard
1096,CLINIC-001,DR-001,2026-09-07 10:30:00,2026-09-07 11:00:00,available,standard
1097,CLINIC-001,DR-001,2026-09-07 11:00:00,2026-09-07 11:30:00,available,standard
1098,CLINIC-001,DR-001,2026-09-07 11:30:00,2026-09-07 12:00:00,available,standard
1099,CLINIC-001,DR-001,2026-09-07 12:00:00,2026-09-07 12:30:00,available,standard
1100,CLINIC-001,DR-001,2026-09-07 12:30:00,2026-09-07 13:00:00,available,standard
1101,CLINIC-001,DR-002,2026-09-07 09:30:00,2026-09-07 10:00:00,available,standard
1102,CLINIC-001,DR-002,2026-09-07 10:00:00,2026-09-07 10:30:00,available,standard
1103,CLINIC-001,DR-002,2026-09-07 10:30:00,2026-09-07 11:00:00,available,standard
1104,CLINIC-001,DR-002,2026-09-07 11:00:00,2026-09-07 11:30:00,available,standard
1105,CLINIC-001,DR-002,2026-09-07 11:30:00,2026-09-07 12:00:00,available,standard
1106,CLINIC-001,DR-002,2026-09-07 12:00:00,2026-09-07 12:30:00,available,standard
1107,CLINIC-001,DR-002,2026-09-07 12:30:00,2026-09-07 13:00:00,available,standard
1108,CLINIC-001,DR-002,2026-09-07 14:00:00,2026-09-07 14:30:00,available,standard
1109,CLINIC-001,DR-003,2026-09-07 10:00:00,2026-09-07 10:30:00,available,standard
1110,CLINIC-001,DR-003,2026-09-07 10:30:00,2026-09-07 11:00:00,available,standard
1111,CLINIC-001,DR-003,2026-09-07 11:00:00,2026-09-07 11:30:00,available,standard
1112,CLINIC-001,DR-003,2026-09-07 11:30:00,2026-09-07 12:00:00,available,standard
1113,CLINIC-001,DR-003,2026-09-07 12:00:00,2026-09-07 12:30:00,available,standard
1114,CLINIC-001,DR-003,2026-09-07 12:30:00,2026-09-07 13:00:00,available,standard
1115,CLINIC-001,DR-003,2026-09-07 14:00:00,2026-09-07 14:30:00,available,standard
1116,CLINIC-001,DR-003,2026-09-07 14:30:00,2026-09-07 15:00:00,available,standard
1117,CLINIC-001,DR-004,2026-09-07 10:30:00,2026-09-07 11:00:00,available,standard
1118,CLINIC-001,DR-004,2026-09-07 11:00:00,2026-09-07 11:30:00,available,standard
1119,CLINIC-001,DR-004,2026-09-07 11:30:00,2026-09-07 12:00:00,available,standard
1120,CLINIC-001,DR-004,2026-09-07 12:00:00,2026-09-07 12:30:00,available,standard
1121,CLINIC-001,DR-004,2026-09-07 12:30:00,2026-09-07 13:00:00,available,standard
1122,CLINIC-001,DR-004,2026-09-07 14:00:00,2026-09-07 14:30:00,available,standard
1123,CLINIC-001,DR-004,2026-09-07 14:30:00,2026-09-07 15:00:00,available,standard
1124,CLINIC-001,DR-004,2026-09-07 15:00:00,2026-09-07 15:30:00,available,standard
1125,CLINIC-001,DR-005,2026-09-07 11:00:00,2026-09-07 11:30:00,available,standard
1126,CLINIC-001,DR-005,2026-09-07 11:30:00,2026-09-07 12:00:00,available,standard
1127,CLINIC-001,DR-005,2026-09-07 12:00:00,2026-09-07 12:30:00,available,standard
1128,CLINIC-001,DR-005,2026-09-07 12:30:00,2026-09-07 13:00:00,available,standard
1129,CLINIC-001,DR-005,2026-09-07 14:00:00,2026-09-07 14:30:00,available,standard
1130,CLINIC-001,DR-005,2026-09-07 14:30:00,2026-09-07 15:00:00,available,standard
1131,CLINIC-001,DR-005,2026-09-07 15:00:00,2026-09-07 15:30:00,available,standard
1132,CLINIC-001,DR-005,2026-09-07 15:30:00,2026-09-07 16:00:00,available,standard
1133,CLINIC-001,DR-001,2026-09-08 09:00:00,2026-09-08 09:30:00,available,standard
1134,CLINIC-001,DR-001,2026-09-08 09:30:00,2026-09-08 10:00:00,available,standard
1135,CLINIC-001,DR-001,2026-09-08 10:00:00,2026-09-08 10:30:00,available,standard
1136,CLINIC-001,DR-001,2026-09-08 10:30:00,2026-09-08 11:00:00,available,standard
1137,CLINIC-001,DR-001,2026-09-08 11:00:00,2026-09-08 11:30:00,available,standard
1138,CLINIC-001,DR-001,2026-09-08 11:30:00,2026-09-08 12:00:00,available,standard
1139,CLINIC-001,DR-001,2026-09-08 12:00:00,2026-09-08 12:30:00,available,standard
1140,CLINIC-001,DR-001,2026-09-08 12:30:00,2026-09-08 13:00:00,available,standard
1141,CLINIC-001,DR-002,2026-09-08 09:30:00,2026-09-08 10:00:00,available,standard
1142,CLINIC-001,DR-002,2026-09-08 10:00:00,2026-09-08 10:30:00,available,standard
1143,CLINIC-001,DR-002,2026-09-08 10:30:00,2026-09-08 11:00:00,available,standard
1144,CLINIC-001,DR-002,2026-09-08 11:00:00,2026-09-08 11:30:00,available,standard
1145,CLINIC-001,DR-002,2026-09-08 11:30:00,2026-09-08 12:00:00,available,standard
1146,CLINIC-001,DR-002,2026-09-08 12:00:00,2026-09-08 12:30:00,available,standard
1147,CLINIC-001,DR-002,2026-09-08 12:30:00,2026-09-08 13:00:00,available,standard
1148,CLINIC-001,DR-002,2026-09-08 14:00:00,2026-09-08 14:30:00,available,standard
1149,CLINIC-001,DR-003,2026-09-08 10:00:00,2026-09-08 10:30:00,available,standard
1150,CLINIC-001,DR-003,2026-09-08 10:30:00,2026-09-08 11:00:00,available,standard
1151,CLINIC-001,DR-003,2026-09-08 11:00:00,2026-09-08 11:30:00,available,standard
1152,CLINIC-001,DR-003,2026-09-08 11:30:00,2026-09-08 12:00:00,available,standard
1153,CLINIC-001,DR-003,2026-09-08 12:00:00,2026-09-08 12:30:00,available,standard
1154,CLINIC-001,DR-003,2026-09-08 12:30:00,2026-09-08 13:00:00,available,standard
1155,CLINIC-001,DR-003,2026-09-08 14:00:00,2026-09-08 14:30:00,available,standard
1156,CLINIC-001,DR-003,2026-09-08 14:30:00,2026-09-08 15:00:00,available,standard
1157,CLINIC-001,DR-004,2026-09-08 10:30:00,2026-09-08 11:00:00,available,standard
1158,CLINIC-001,DR-004,2026-09-08 11:00:00,2026-09-08 11:30:00,available,standard
1159,CLINIC-001,DR-004,2026-09-08 11:30:00,2026-09-08 12:00:00,available,standard
1160,CLINIC-001,DR-004,2026-09-08 12:00:00,2026-09-08 12:30:00,available,standard
1161,CLINIC-001,DR-004,2026-09-08 12:30:00,2026-09-08 13:00:00,available,standard
1162,CLINIC-001,DR-004,2026-09-08 14:00:00,2026-09-08 14:30:00,available,standard
1163,CLINIC-001,DR-004,2026-09-08 14:30:00,2026-09-08 15:00:00,available,standard
1164,CLINIC-001,DR-004,2026-09-08 15:00:00,2026-09-08 15:30:00,available,standard
1165,CLINIC-001,DR-005,2026-09-08 11:00:00,2026-09-08 11:30:00,available,standard
1166,CLINIC-001,DR-005,2026-09-08 11:30:00,2026-09-08 12:00:00,available,standard
1167,CLINIC-001,DR-005,2026-09-08 12:00:00,2026-09-08 12:30:00,available,standard
1168,CLINIC-001,DR-005,2026-09-08 12:30:00,2026-09-08 13:00:00,available,standard
1169,CLINIC-001,DR-005,2026-09-08 14:00:00,2026-09-08 14:30:00,available,standard
1170,CLINIC-001,DR-005,2026-09-08 14:30:00,2026-09-08 15:00:00,available,standard
1171,CLINIC-001,DR-005,2026-09-08 15:00:00,2026-09-08 15:30:00,available,standard
1172,CLINIC-001,DR-005,2026-09-08 15:30:00,2026-09-08 16:00:00,available,standard
1173,CLINIC-001,DR-001,2026-09-09 09:00:00,2026-09-09 09:30:00,available,standard
1174,CLINIC-001,DR-001,2026-09-09 09:30:00,2026-09-09 10:00:00,available,standard
1175,CLINIC-001,DR-001,2026-09-09 10:00:00,2026-09-09 10:30:00,available,standard
1176,CLINIC-001,DR-001,2026-09-09 10:30:00,2026-09-09 11:00:00,available,standard
1177,CLINIC-001,DR-001,2026-09-09 11:00:00,2026-09-09 11:30:00,available,standard
1178,CLINIC-001,DR-001,2026-09-09 11:30:00,2026-09-09 12:00:00,available,standard
1179,CLINIC-001,DR-001,2026-09-09 12:00:00,2026-09-09 12:30:00,available,standard
1180,CLINIC-001,DR-001,2026-09-09 12:30:00,2026-09-09 13:00:00,available,standard
1181,CLINIC-001,DR-002,2026-09-09 09:30:00,2026-09-09 10:00:00,available,standard
1182,CLINIC-001,DR-002,2026-09-09 10:00:00,2026-09-09 10:30:00,available,standard
1183,CLINIC-001,DR-002,2026-09-09 10:30:00,2026-09-09 11:00:00,available,standard
1184,CLINIC-001,DR-002,2026-09-09 11:00:00,2026-09-09 11:30:00,available,standard
1185,CLINIC-001,DR-002,2026-09-09 11:30:00,2026-09-09 12:00:00,available,standard
1186,CLINIC-001,DR-002,2026-09-09 12:00:00,2026-09-09 12:30:00,available,standard
1187,CLINIC-001,DR-002,2026-09-09 12:30:00,2026-09-09 13:00:00,available,standard
1188,CLINIC-001,DR-002,2026-09-09 14:00:00,2026-09-09 14:30:00,available,standard
1189,CLINIC-001,DR-003,2026-09-09 10:00:00,2026-09-09 10:30:00,available,standard
1190,CLINIC-001,DR-003,2026-09-09 10:30:00,2026-09-09 11:00:00,available,standard
1191,CLINIC-001,DR-003,2026-09-09 11:00:00,2026-09-09 11:30:00,available,standard
1192,CLINIC-001,DR-003,2026-09-09 11:30:00,2026-09-09 12:00:00,available,standard
1193,CLINIC-001,DR-003,2026-09-09 12:00:00,2026-09-09 12:30:00,available,standard
1194,CLINIC-001,DR-003,2026-09-09 12:30:00,2026-09-09 13:00:00,available,standard
1195,CLINIC-001,DR-003,2026-09-09 14:00:00,2026-09-09 14:30:00,available,standard
1196,CLINIC-001,DR-003,2026-09-09 14:30:00,2026-09-09 15:00:00,available,standard
1197,CLINIC-001,DR-004,2026-09-09 10:30:00,2026-09-09 11:00:00,available,standard
1198,CLINIC-001,DR-004,2026-09-09 11:00:00,2026-09-09 11:30:00,available,standard
1199,CLINIC-001,DR-004,2026-09-09 11:30:00,2026-09-09 12:00:00,available,standard
1200,CLINIC-001,DR-004,2026-09-09 12:00:00,2026-09-09 12:30:00,available,standard
1201,CLINIC-001,DR-004,2026-09-09 12:30:00,2026-09-09 13:00:00,available,standard
1202,CLINIC-001,DR-004,2026-09-09 14:00:00,2026-09-09 14:30:00,available,standard
1203,CLINIC-001,DR-004,2026-09-09 14:30:00,2026-09-09 15:00:00,available,standard
1204,CLINIC-001,DR-004,2026-09-09 15:00:00,2026-09-09 15:30:00,available,standard
1205,CLINIC-001,DR-005,2026-09-09 11:00:00,2026-09-09 11:30:00,available,standard
1206,CLINIC-001,DR-005,2026-09-09 11:30:00,2026-09-09 12:00:00,available,standard
1207,CLINIC-001,DR-005,2026-09-09 12:00:00,2026-09-09 12:30:00,available,standard
1208,CLINIC-001,DR-005,2026-09-09 12:30:00,2026-09-09 13:00:00,available,standard
1209,CLINIC-001,DR-005,2026-09-09 14:00:00,2026-09-09 14:30:00,available,standard
1210,CLINIC-001,DR-005,2026-09-09 14:30:00,2026-09-09 15:00:00,available,standard
1211,CLINIC-001,DR-005,2026-09-09 15:00:00,2026-09-09 15:30:00,available,standard
1212,CLINIC-001,DR-005,2026-09-09 15:30:00,2026-09-09 16:00:00,available,standard
1213,CLINIC-001,DR-001,2026-09-10 09:00:00,2026-09-10 09:30:00,available,standard
1214,CLINIC-001,DR-001,2026-09-10 09:30:00,2026-09-10 10:00:00,available,standard
1215,CLINIC-001,DR-001,2026-09-10 10:00:00,2026-09-10 10:30:00,available,standard
1216,CLINIC-001,DR-001,2026-09-10 10:30:00,2026-09-10 11:00:00,available,standard
1217,CLINIC-001,DR-001,2026-09-10 11:00:00,2026-09-10 11:30:00,available,standard
1218,CLINIC-001,DR-001,2026-09-10 11:30:00,2026-09-10 12:00:00,available,standard
1219,CLINIC-001,DR-001,2026-09-10 12:00:00,2026-09-10 12:30:00,available,standard
1220,CLINIC-001,DR-001,2026-09-10 12:30:00,2026-09-10 13:00:00,available,standard
1221,CLINIC-001,DR-002,2026-09-10 09:30:00,2026-09-10 10:00:00,available,standard
1222,CLINIC-001,DR-002,2026-09-10 10:00:00,2026-09-10 10:30:00,available,standard
1223,CLINIC-001,DR-002,2026-09-10 10:30:00,2026-09-10 11:00:00,available,standard
1224,CLINIC-001,DR-002,2026-09-10 11:00:00,2026-09-10 11:30:00,available,standard
1225,CLINIC-001,DR-002,2026-09-10 11:30:00,2026-09-10 12:00:00,available,standard
1226,CLINIC-001,DR-002,2026-09-10 12:00:00,2026-09-10 12:30:00,available,standard
1227,CLINIC-001,DR-002,2026-09-10 12:30:00,2026-09-10 13:00:00,available,standard
1228,CLINIC-001,DR-002,2026-09-10 14:00:00,2026-09-10 14:30:00,available,standard
1229,CLINIC-001,DR-003,2026-09-10 10:00:00,2026-09-10 10:30:00,available,standard
1230,CLINIC-001,DR-003,2026-09-10 10:30:00,2026-09-10 11:00:00,available,standard
1231,CLINIC-001,DR-003,2026-09-10 11:00:00,2026-09-10 11:30:00,available,standard
1232,CLINIC-001,DR-003,2026-09-10 11:30:00,2026-09-10 12:00:00,available,standard
1233,CLINIC-001,DR-003,2026-09-10 12:00:00,2026-09-10 12:30:00,available,standard
1234,CLINIC-001,DR-003,2026-09-10 12:30:00,2026-09-10 13:00:00,available,standard
1235,CLINIC-001,DR-003,2026-09-10 14:00:00,2026-09-10 14:30:00,available,standard
1236,CLINIC-001,DR-003,2026-09-10 14:30:00,2026-09-10 15:00:00,available,standard
1237,CLINIC-001,DR-004,2026-09-10 10:30:00,2026-09-10 11:00:00,available,standard
1238,CLINIC-001,DR-004,2026-09-10 11:00:00,2026-09-10 11:30:00,available,standard
1239,CLINIC-001,DR-004,2026-09-10 11:30:00,2026-09-10 12:00:00,available,standard
1240,CLINIC-001,DR-004,2026-09-10 12:00:00,2026-09-10 12:30:00,available,standard
1241,CLINIC-001,DR-004,2026-09-10 12:30:00,2026-09-10 13:00:00,available,standard
1242,CLINIC-001,DR-004,2026-09-10 14:00:00,2026-09-10 14:30:00,available,standard
1243,CLINIC-001,DR-004,2026-09-10 14:30:00,2026-09-10 15:00:00,available,standard
1244,CLINIC-001,DR-004,2026-09-10 15:00:00,2026-09-10 15:30:00,available,standard
1245,CLINIC-001,DR-005,2026-09-10 11:00:00,2026-09-10 11:30:00,available,standard
1246,CLINIC-001,DR-005,2026-09-10 11:30:00,2026-09-10 12:00:00,available,standard
1247,CLINIC-001,DR-005,2026-09-10 12:00:00,2026-09-10 12:30:00,available,standard
1248,CLINIC-001,DR-005,2026-09-10 12:30:00,2026-09-10 13:00:00,available,standard
1249,CLINIC-001,DR-005,2026-09-10 14:00:00,2026-09-10 14:30:00,available,standard
1250,CLINIC-001,DR-005,2026-09-10 14:30:00,2026-09-10 15:00:00,available,standard
1251,CLINIC-001,DR-005,2026-09-10 15:00:00,2026-09-10 15:30:00,available,standard
1252,CLINIC-001,DR-005,2026-09-10 15:30:00,2026-09-10 16:00:00,available,standard
1253,CLINIC-001,DR-001,2026-09-11 09:00:00,2026-09-11 09:30:00,available,standard
1254,CLINIC-001,DR-001,2026-09-11 09:30:00,2026-09-11 10:00:00,available,standard
1255,CLINIC-001,DR-001,2026-09-11 10:00:00,2026-09-11 10:30:00,available,standard
1256,CLINIC-001,DR-001,2026-09-11 10:30:00,2026-09-11 11:00:00,available,standard
1257,CLINIC-001,DR-001,2026-09-11 11:00:00,2026-09-11 11:30:00,available,standard
1258,CLINIC-001,DR-001,2026-09-11 11:30:00,2026-09-11 12:00:00,available,standard
1259,CLINIC-001,DR-001,2026-09-11 12:00:00,2026-09-11 12:30:00,available,standard
1260,CLINIC-001,DR-001,2026-09-11 12:30:00,2026-09-11 13:00:00,available,standard
1261,CLINIC-001,DR-002,2026-09-11 09:30:00,2026-09-11 10:00:00,available,standard
1262,CLINIC-001,DR-002,2026-09-11 10:00:00,2026-09-11 10:30:00,available,standard
1263,CLINIC-001,DR-002,2026-09-11 10:30:00,2026-09-11 11:00:00,available,standard
1264,CLINIC-001,DR-002,2026-09-11 11:00:00,2026-09-11 11:30:00,available,standard
1265,CLINIC-001,DR-002,2026-09-11 11:30:00,2026-09-11 12:00:00,available,standard
1266,CLINIC-001,DR-002,2026-09-11 12:00:00,2026-09-11 12:30:00,available,standard
1267,CLINIC-001,DR-002,2026-09-11 12:30:00,2026-09-11 13:00:00,available,standard
1268,CLINIC-001,DR-002,2026-09-11 14:00:00,2026-09-11 14:30:00,available,standard
1269,CLINIC-001,DR-003,2026-09-11 10:00:00,2026-09-11 10:30:00,available,standard
1270,CLINIC-001,DR-003,2026-09-11 10:30:00,2026-09-11 11:00:00,available,standard
1271,CLINIC-001,DR-003,2026-09-11 11:00:00,2026-09-11 11:30:00,available,standard
1272,CLINIC-001,DR-003,2026-09-11 11:30:00,2026-09-11 12:00:00,available,standard
1273,CLINIC-001,DR-003,2026-09-11 12:00:00,2026-09-11 12:30:00,available,standard
1274,CLINIC-001,DR-003,2026-09-11 12:30:00,2026-09-11 13:00:00,available,standard
1275,CLINIC-001,DR-003,2026-09-11 14:00:00,2026-09-11 14:30:00,available,standard
1276,CLINIC-001,DR-003,2026-09-11 14:30:00,2026-09-11 15:00:00,available,standard
1277,CLINIC-001,DR-004,2026-09-11 10:30:00,2026-09-11 11:00:00,available,standard
1278,CLINIC-001,DR-004,2026-09-11 11:00:00,2026-09-11 11:30:00,available,standard
1279,CLINIC-001,DR-004,2026-09-11 11:30:00,2026-09-11 12:00:00,available,standard
1280,CLINIC-001,DR-004,2026-09-11 12:00:00,2026-09-11 12:30:00,available,standard
1281,CLINIC-001,DR-004,2026-09-11 12:30:00,2026-09-11 13:00:00,available,standard
1282,CLINIC-001,DR-004,2026-09-11 14:00:00,2026-09-11 14:30:00,available,standard
1283,CLINIC-001,DR-004,2026-09-11 14:30:00,2026-09-11 15:00:00,available,standard
1284,CLINIC-001,DR-004,2026-09-11 15:00:00,2026-09-11 15:30:00,available,standard
1285,CLINIC-001,DR-005,2026-09-11 11:00:00,2026-09-11 11:30:00,available,standard
1286,CLINIC-001,DR-005,2026-09-11 11:30:00,2026-09-11 12:00:00,available,standard
1287,CLINIC-001,DR-005,2026-09-11 12:00:00,2026-09-11 12:30:00,available,standard
1288,CLINIC-001,DR-005,2026-09-11 12:30:00,2026-09-11 13:00:00,available,standard
1289,CLINIC-001,DR-005,2026-09-11 14:00:00,2026-09-11 14:30:00,available,standard
1290,CLINIC-001,DR-005,2026-09-11 14:30:00,2026-09-11 15:00:00,available,standard
1291,CLINIC-001,DR-005,2026-09-11 15:00:00,2026-09-11 15:30:00,available,standard
1292,CLINIC-001,DR-005,2026-09-11 15:30:00,2026-09-11 16:00:00,available,standard
1293,CLINIC-001,DR-001,2026-09-12 10:00:00,2026-09-12 10:30:00,available,standard
1294,CLINIC-001,DR-001,2026-09-12 10:30:00,2026-09-12 11:00:00,available,standard
1295,CLINIC-001,DR-001,2026-09-12 11:00:00,2026-09-12 11:30:00,available,standard
1296,CLINIC-001,DR-001,2026-09-12 11:30:00,2026-09-12 12:00:00,available,standard
1297,CLINIC-001,DR-001,2026-09-12 12:00:00,2026-09-12 12:30:00,available,standard
1298,CLINIC-001,DR-001,2026-09-12 12:30:00,2026-09-12 13:00:00,available,standard
1299,CLINIC-001,DR-001,2026-09-12 13:00:00,2026-09-12 13:30:00,available,standard
1300,CLINIC-001,DR-001,2026-09-12 13:30:00,2026-09-12 14:00:00,available,standard
1301,CLINIC-001,DR-002,2026-09-12 10:30:00,2026-09-12 11:00:00,available,standard
1302,CLINIC-001,DR-002,2026-09-12 11:00:00,2026-09-12 11:30:00,available,standard
1303,CLINIC-001,DR-002,2026-09-12 11:30:00,2026-09-12 12:00:00,available,standard
1304,CLINIC-001,DR-002,2026-09-12 12:00:00,2026-09-12 12:30:00,available,standard
1305,CLINIC-001,DR-002,2026-09-12 12:30:00,2026-09-12 13:00:00,available,standard
1306,CLINIC-001,DR-002,2026-09-12 13:00:00,2026-09-12 13:30:00,available,standard
1307,CLINIC-001,DR-002,2026-09-12 13:30:00,2026-09-12 14:00:00,available,standard
1308,CLINIC-001,DR-002,2026-09-12 14:00:00,2026-09-12 14:30:00,available,standard
1309,CLINIC-001,DR-003,2026-09-12 11:00:00,2026-09-12 11:30:00,available,standard
1310,CLINIC-001,DR-003,2026-09-12 11:30:00,2026-09-12 12:00:00,available,standard
1311,CLINIC-001,DR-003,2026-09-12 12:00:00,2026-09-12 12:30:00,available,standard
1312,CLINIC-001,DR-003,2026-09-12 12:30:00,2026-09-12 13:00:00,available,standard
1313,CLINIC-001,DR-003,2026-09-12 13:00:00,2026-09-12 13:30:00,available,standard
1314,CLINIC-001,DR-003,2026-09-12 13:30:00,2026-09-12 14:00:00,available,standard
1315,CLINIC-001,DR-003,2026-09-12 14:00:00,2026-09-12 14:30:00,available,standard
1316,CLINIC-001,DR-003,2026-09-12 14:30:00,2026-09-12 15:00:00,available,standard
1317,CLINIC-001,DR-004,2026-09-12 11:30:00,2026-09-12 12:00:00,available,standard
1318,CLINIC-001,DR-004,2026-09-12 12:00:00,2026-09-12 12:30:00,available,standard
1319,CLINIC-001,DR-004,2026-09-12 12:30:00,2026-09-12 13:00:00,available,standard
1320,CLINIC-001,DR-004,2026-09-12 13:00:00,2026-09-12 13:30:00,available,standard
1321,CLINIC-001,DR-004,2026-09-12 13:30:00,2026-09-12 14:00:00,available,standard
1322,CLINIC-001,DR-004,2026-09-12 14:00:00,2026-09-12 14:30:00,available,standard
1323,CLINIC-001,DR-004,2026-09-12 14:30:00,2026-09-12 15:00:00,available,standard
1324,CLINIC-001,DR-004,2026-09-12 15:00:00,2026-09-12 15:30:00,available,standard
1325,CLINIC-001,DR-005,2026-09-12 10:00:00,2026-09-12 10:30:00,available,standard
1326,CLINIC-001,DR-005,2026-09-12 10:30:00,2026-09-12 11:00:00,available,standard
1327,CLINIC-001,DR-005,2026-09-12 11:00:00,2026-09-12 11:30:00,available,standard
1328,CLINIC-001,DR-005,2026-09-12 11:30:00,2026-09-12 12:00:00,available,standard
1329,CLINIC-001,DR-005,2026-09-12 12:00:00,2026-09-12 12:30:00,available,standard
1330,CLINIC-001,DR-005,2026-09-12 12:30:00,2026-09-12 13:00:00,available,standard
1331,CLINIC-001,DR-005,2026-09-12 13:00:00,2026-09-12 13:30:00,available,standard
1332,CLINIC-001,DR-005,2026-09-12 13:30:00,2026-09-12 14:00:00,available,standard
1333,CLINIC-001,DR-001,2026-09-28 09:00:00,2026-09-28 09:30:00,available,standard
1334,CLINIC-001,DR-001,2026-09-28 09:30:00,2026-09-28 10:00:00,blocked,admin_block
1335,CLINIC-001,DR-001,2026-09-28 10:00:00,2026-09-28 10:30:00,available,standard
1336,CLINIC-001,DR-001,2026-09-28 10:30:00,2026-09-28 11:00:00,available,standard
1337,CLINIC-001,DR-001,2026-09-28 11:00:00,2026-09-28 11:30:00,available,standard
1338,CLINIC-001,DR-001,2026-09-28 11:30:00,2026-09-28 12:00:00,available,standard
1339,CLINIC-001,DR-001,2026-09-28 12:00:00,2026-09-28 12:30:00,available,standard
1340,CLINIC-001,DR-001,2026-09-28 12:30:00,2026-09-28 13:00:00,available,standard
1341,CLINIC-001,DR-001,2026-09-28 14:00:00,2026-09-28 14:30:00,available,standard
1342,CLINIC-001,DR-001,2026-09-28 14:30:00,2026-09-28 15:00:00,available,standard
1343,CLINIC-001,DR-002,2026-09-28 09:30:00,2026-09-28 10:00:00,available,emergency_reserve
1344,CLINIC-001,DR-002,2026-09-28 10:00:00,2026-09-28 10:30:00,available,standard
1345,CLINIC-001,DR-002,2026-09-28 10:30:00,2026-09-28 11:00:00,available,standard
1346,CLINIC-001,DR-002,2026-09-28 11:00:00,2026-09-28 11:30:00,available,standard
1347,CLINIC-001,DR-002,2026-09-28 11:30:00,2026-09-28 12:00:00,available,standard
1348,CLINIC-001,DR-002,2026-09-28 12:00:00,2026-09-28 12:30:00,available,standard
1349,CLINIC-001,DR-002,2026-09-28 12:30:00,2026-09-28 13:00:00,available,standard
1350,CLINIC-001,DR-002,2026-09-28 14:00:00,2026-09-28 14:30:00,available,standard
1351,CLINIC-001,DR-002,2026-09-28 14:30:00,2026-09-28 15:00:00,available,standard
1352,CLINIC-001,DR-002,2026-09-28 15:00:00,2026-09-28 15:30:00,available,standard
1353,CLINIC-001,DR-003,2026-09-28 10:00:00,2026-09-28 10:30:00,available,standard
1354,CLINIC-001,DR-003,2026-09-28 10:30:00,2026-09-28 11:00:00,available,standard
1355,CLINIC-001,DR-003,2026-09-28 11:00:00,2026-09-28 11:30:00,available,standard
1356,CLINIC-001,DR-003,2026-09-28 11:30:00,2026-09-28 12:00:00,available,standard
1357,CLINIC-001,DR-003,2026-09-28 12:00:00,2026-09-28 12:30:00,available,standard
1358,CLINIC-001,DR-003,2026-09-28 12:30:00,2026-09-28 13:00:00,available,standard
1359,CLINIC-001,DR-003,2026-09-28 14:00:00,2026-09-28 14:30:00,available,standard
1360,CLINIC-001,DR-003,2026-09-28 14:30:00,2026-09-28 15:00:00,available,emergency_reserve
1361,CLINIC-001,DR-003,2026-09-28 15:00:00,2026-09-28 15:30:00,available,standard
1362,CLINIC-001,DR-003,2026-09-28 15:30:00,2026-09-28 16:00:00,available,standard
1363,CLINIC-001,DR-004,2026-09-28 10:30:00,2026-09-28 11:00:00,blocked,admin_block
1364,CLINIC-001,DR-004,2026-09-28 11:00:00,2026-09-28 11:30:00,available,standard
1365,CLINIC-001,DR-004,2026-09-28 11:30:00,2026-09-28 12:00:00,available,standard
1366,CLINIC-001,DR-004,2026-09-28 12:00:00,2026-09-28 12:30:00,available,standard
1367,CLINIC-001,DR-004,2026-09-28 12:30:00,2026-09-28 13:00:00,available,standard
1368,CLINIC-001,DR-004,2026-09-28 14:00:00,2026-09-28 14:30:00,available,standard
1369,CLINIC-001,DR-004,2026-09-28 14:30:00,2026-09-28 15:00:00,available,standard
1370,CLINIC-001,DR-004,2026-09-28 15:00:00,2026-09-28 15:30:00,available,standard
1371,CLINIC-001,DR-004,2026-09-28 15:30:00,2026-09-28 16:00:00,available,standard
1372,CLINIC-001,DR-004,2026-09-28 16:00:00,2026-09-28 16:30:00,available,standard
1373,CLINIC-001,DR-005,2026-09-28 11:00:00,2026-09-28 11:30:00,available,standard
1374,CLINIC-001,DR-005,2026-09-28 11:30:00,2026-09-28 12:00:00,available,standard
1375,CLINIC-001,DR-005,2026-09-28 12:00:00,2026-09-28 12:30:00,available,standard
1376,CLINIC-001,DR-005,2026-09-28 12:30:00,2026-09-28 13:00:00,available,standard
1377,CLINIC-001,DR-005,2026-09-28 14:00:00,2026-09-28 14:30:00,available,emergency_reserve
1378,CLINIC-001,DR-005,2026-09-28 14:30:00,2026-09-28 15:00:00,available,standard
1379,CLINIC-001,DR-005,2026-09-28 15:00:00,2026-09-28 15:30:00,available,standard
1380,CLINIC-001,DR-005,2026-09-28 15:30:00,2026-09-28 16:00:00,available,standard
1381,CLINIC-001,DR-005,2026-09-28 16:00:00,2026-09-28 16:30:00,available,standard
1382,CLINIC-001,DR-005,2026-09-28 16:30:00,2026-09-28 17:00:00,available,standard
1383,CLINIC-001,DR-001,2026-09-29 09:00:00,2026-09-29 09:30:00,available,standard
1384,CLINIC-001,DR-001,2026-09-29 09:30:00,2026-09-29 10:00:00,available,standard
1385,CLINIC-001,DR-001,2026-09-29 10:00:00,2026-09-29 10:30:00,available,standard
1386,CLINIC-001,DR-001,2026-09-29 10:30:00,2026-09-29 11:00:00,available,standard
1387,CLINIC-001,DR-001,2026-09-29 11:00:00,2026-09-29 11:30:00,available,standard
1388,CLINIC-001,DR-001,2026-09-29 11:30:00,2026-09-29 12:00:00,available,standard
1389,CLINIC-001,DR-001,2026-09-29 12:00:00,2026-09-29 12:30:00,available,standard
1390,CLINIC-001,DR-001,2026-09-29 12:30:00,2026-09-29 13:00:00,available,standard
1391,CLINIC-001,DR-001,2026-09-29 14:00:00,2026-09-29 14:30:00,available,standard
1392,CLINIC-001,DR-001,2026-09-29 14:30:00,2026-09-29 15:00:00,blocked,admin_block
1393,CLINIC-001,DR-002,2026-09-29 09:30:00,2026-09-29 10:00:00,available,standard
1394,CLINIC-001,DR-002,2026-09-29 10:00:00,2026-09-29 10:30:00,available,emergency_reserve
1395,CLINIC-001,DR-002,2026-09-29 10:30:00,2026-09-29 11:00:00,available,standard
1396,CLINIC-001,DR-002,2026-09-29 11:00:00,2026-09-29 11:30:00,available,standard
1397,CLINIC-001,DR-002,2026-09-29 11:30:00,2026-09-29 12:00:00,available,standard
1398,CLINIC-001,DR-002,2026-09-29 12:00:00,2026-09-29 12:30:00,available,standard
1399,CLINIC-001,DR-002,2026-09-29 12:30:00,2026-09-29 13:00:00,available,standard
1400,CLINIC-001,DR-002,2026-09-29 14:00:00,2026-09-29 14:30:00,available,standard
1401,CLINIC-001,DR-002,2026-09-29 14:30:00,2026-09-29 15:00:00,available,standard
1402,CLINIC-001,DR-002,2026-09-29 15:00:00,2026-09-29 15:30:00,available,standard
1403,CLINIC-001,DR-003,2026-09-29 10:00:00,2026-09-29 10:30:00,available,standard
1404,CLINIC-001,DR-003,2026-09-29 10:30:00,2026-09-29 11:00:00,available,standard
1405,CLINIC-001,DR-003,2026-09-29 11:00:00,2026-09-29 11:30:00,available,standard
1406,CLINIC-001,DR-003,2026-09-29 11:30:00,2026-09-29 12:00:00,available,standard
1407,CLINIC-001,DR-003,2026-09-29 12:00:00,2026-09-29 12:30:00,available,standard
1408,CLINIC-001,DR-003,2026-09-29 12:30:00,2026-09-29 13:00:00,available,standard
1409,CLINIC-001,DR-003,2026-09-29 14:00:00,2026-09-29 14:30:00,available,standard
1410,CLINIC-001,DR-003,2026-09-29 14:30:00,2026-09-29 15:00:00,available,standard
1411,CLINIC-001,DR-003,2026-09-29 15:00:00,2026-09-29 15:30:00,available,emergency_reserve
1412,CLINIC-001,DR-003,2026-09-29 15:30:00,2026-09-29 16:00:00,available,standard
1413,CLINIC-001,DR-004,2026-09-29 10:30:00,2026-09-29 11:00:00,available,standard
1414,CLINIC-001,DR-004,2026-09-29 11:00:00,2026-09-29 11:30:00,available,standard
1415,CLINIC-001,DR-004,2026-09-29 11:30:00,2026-09-29 12:00:00,available,standard
1416,CLINIC-001,DR-004,2026-09-29 12:00:00,2026-09-29 12:30:00,available,standard
1417,CLINIC-001,DR-004,2026-09-29 12:30:00,2026-09-29 13:00:00,available,standard
1418,CLINIC-001,DR-004,2026-09-29 14:00:00,2026-09-29 14:30:00,available,standard
1419,CLINIC-001,DR-004,2026-09-29 14:30:00,2026-09-29 15:00:00,available,standard
1420,CLINIC-001,DR-004,2026-09-29 15:00:00,2026-09-29 15:30:00,available,standard
1421,CLINIC-001,DR-004,2026-09-29 15:30:00,2026-09-29 16:00:00,blocked,admin_block
1422,CLINIC-001,DR-004,2026-09-29 16:00:00,2026-09-29 16:30:00,available,standard
1423,CLINIC-001,DR-005,2026-09-29 11:00:00,2026-09-29 11:30:00,available,standard
1424,CLINIC-001,DR-005,2026-09-29 11:30:00,2026-09-29 12:00:00,available,standard
1425,CLINIC-001,DR-005,2026-09-29 12:00:00,2026-09-29 12:30:00,available,standard
1426,CLINIC-001,DR-005,2026-09-29 12:30:00,2026-09-29 13:00:00,available,standard
1427,CLINIC-001,DR-005,2026-09-29 14:00:00,2026-09-29 14:30:00,available,standard
1428,CLINIC-001,DR-005,2026-09-29 14:30:00,2026-09-29 15:00:00,available,emergency_reserve
1429,CLINIC-001,DR-005,2026-09-29 15:00:00,2026-09-29 15:30:00,available,standard
1430,CLINIC-001,DR-005,2026-09-29 15:30:00,2026-09-29 16:00:00,available,standard
1431,CLINIC-001,DR-005,2026-09-29 16:00:00,2026-09-29 16:30:00,available,standard
1432,CLINIC-001,DR-005,2026-09-29 16:30:00,2026-09-29 17:00:00,available,standard
1433,CLINIC-001,DR-001,2026-09-30 09:00:00,2026-09-30 09:30:00,available,standard
1434,CLINIC-001,DR-001,2026-09-30 09:30:00,2026-09-30 10:00:00,available,standard
1435,CLINIC-001,DR-001,2026-09-30 10:00:00,2026-09-30 10:30:00,available,standard
1436,CLINIC-001,DR-001,2026-09-30 10:30:00,2026-09-30 11:00:00,available,standard
1437,CLINIC-001,DR-001,2026-09-30 11:00:00,2026-09-30 11:30:00,available,standard
1438,CLINIC-001,DR-001,2026-09-30 11:30:00,2026-09-30 12:00:00,available,standard
1439,CLINIC-001,DR-001,2026-09-30 12:00:00,2026-09-30 12:30:00,available,standard
1440,CLINIC-001,DR-001,2026-09-30 12:30:00,2026-09-30 13:00:00,available,standard
1441,CLINIC-001,DR-001,2026-09-30 14:00:00,2026-09-30 14:30:00,available,standard
1442,CLINIC-001,DR-001,2026-09-30 14:30:00,2026-09-30 15:00:00,available,standard
1443,CLINIC-001,DR-002,2026-09-30 09:30:00,2026-09-30 10:00:00,available,standard
1444,CLINIC-001,DR-002,2026-09-30 10:00:00,2026-09-30 10:30:00,available,standard
1445,CLINIC-001,DR-002,2026-09-30 10:30:00,2026-09-30 11:00:00,available,emergency_reserve
1446,CLINIC-001,DR-002,2026-09-30 11:00:00,2026-09-30 11:30:00,available,standard
1447,CLINIC-001,DR-002,2026-09-30 11:30:00,2026-09-30 12:00:00,available,standard
1448,CLINIC-001,DR-002,2026-09-30 12:00:00,2026-09-30 12:30:00,available,standard
1449,CLINIC-001,DR-002,2026-09-30 12:30:00,2026-09-30 13:00:00,available,standard
1450,CLINIC-001,DR-002,2026-09-30 14:00:00,2026-09-30 14:30:00,blocked,admin_block
1451,CLINIC-001,DR-002,2026-09-30 14:30:00,2026-09-30 15:00:00,available,standard
1452,CLINIC-001,DR-002,2026-09-30 15:00:00,2026-09-30 15:30:00,available,standard
1453,CLINIC-001,DR-003,2026-09-30 10:00:00,2026-09-30 10:30:00,available,standard
1454,CLINIC-001,DR-003,2026-09-30 10:30:00,2026-09-30 11:00:00,available,standard
1455,CLINIC-001,DR-003,2026-09-30 11:00:00,2026-09-30 11:30:00,available,standard
1456,CLINIC-001,DR-003,2026-09-30 11:30:00,2026-09-30 12:00:00,available,standard
1457,CLINIC-001,DR-003,2026-09-30 12:00:00,2026-09-30 12:30:00,available,standard
1458,CLINIC-001,DR-003,2026-09-30 12:30:00,2026-09-30 13:00:00,available,standard
1459,CLINIC-001,DR-003,2026-09-30 14:00:00,2026-09-30 14:30:00,available,standard
1460,CLINIC-001,DR-003,2026-09-30 14:30:00,2026-09-30 15:00:00,available,standard
1461,CLINIC-001,DR-003,2026-09-30 15:00:00,2026-09-30 15:30:00,available,standard
1462,CLINIC-001,DR-003,2026-09-30 15:30:00,2026-09-30 16:00:00,available,emergency_reserve
1463,CLINIC-001,DR-004,2026-09-30 10:30:00,2026-09-30 11:00:00,available,standard
1464,CLINIC-001,DR-004,2026-09-30 11:00:00,2026-09-30 11:30:00,available,standard
1465,CLINIC-001,DR-004,2026-09-30 11:30:00,2026-09-30 12:00:00,available,standard
1466,CLINIC-001,DR-004,2026-09-30 12:00:00,2026-09-30 12:30:00,available,standard
1467,CLINIC-001,DR-004,2026-09-30 12:30:00,2026-09-30 13:00:00,available,standard
1468,CLINIC-001,DR-004,2026-09-30 14:00:00,2026-09-30 14:30:00,available,standard
1469,CLINIC-001,DR-004,2026-09-30 14:30:00,2026-09-30 15:00:00,available,standard
1470,CLINIC-001,DR-004,2026-09-30 15:00:00,2026-09-30 15:30:00,available,standard
1471,CLINIC-001,DR-004,2026-09-30 15:30:00,2026-09-30 16:00:00,available,standard
1472,CLINIC-001,DR-004,2026-09-30 16:00:00,2026-09-30 16:30:00,available,standard
1473,CLINIC-001,DR-005,2026-09-30 11:00:00,2026-09-30 11:30:00,available,standard
1474,CLINIC-001,DR-005,2026-09-30 11:30:00,2026-09-30 12:00:00,available,standard
1475,CLINIC-001,DR-005,2026-09-30 12:00:00,2026-09-30 12:30:00,available,standard
1476,CLINIC-001,DR-005,2026-09-30 12:30:00,2026-09-30 13:00:00,available,standard
1477,CLINIC-001,DR-005,2026-09-30 14:00:00,2026-09-30 14:30:00,available,standard
1478,CLINIC-001,DR-005,2026-09-30 14:30:00,2026-09-30 15:00:00,available,standard
1479,CLINIC-001,DR-005,2026-09-30 15:00:00,2026-09-30 15:30:00,blocked,admin_block
1480,CLINIC-001,DR-005,2026-09-30 15:30:00,2026-09-30 16:00:00,available,standard
1481,CLINIC-001,DR-005,2026-09-30 16:00:00,2026-09-30 16:30:00,available,standard
1482,CLINIC-001,DR-005,2026-09-30 16:30:00,2026-09-30 17:00:00,available,standard
1483,CLINIC-001,DR-001,2026-10-01 09:00:00,2026-10-01 09:30:00,available,standard
1484,CLINIC-001,DR-001,2026-10-01 09:30:00,2026-10-01 10:00:00,available,standard
1485,CLINIC-001,DR-001,2026-10-01 10:00:00,2026-10-01 10:30:00,available,standard
1486,CLINIC-001,DR-001,2026-10-01 10:30:00,2026-10-01 11:00:00,available,standard
1487,CLINIC-001,DR-001,2026-10-01 11:00:00,2026-10-01 11:30:00,available,standard
1488,CLINIC-001,DR-001,2026-10-01 11:30:00,2026-10-01 12:00:00,available,standard
1489,CLINIC-001,DR-001,2026-10-01 12:00:00,2026-10-01 12:30:00,available,standard
1490,CLINIC-001,DR-001,2026-10-01 12:30:00,2026-10-01 13:00:00,available,standard
1491,CLINIC-001,DR-001,2026-10-01 14:00:00,2026-10-01 14:30:00,available,standard
1492,CLINIC-001,DR-001,2026-10-01 14:30:00,2026-10-01 15:00:00,available,standard
1493,CLINIC-001,DR-002,2026-10-01 09:30:00,2026-10-01 10:00:00,available,standard
1494,CLINIC-001,DR-002,2026-10-01 10:00:00,2026-10-01 10:30:00,available,standard
1495,CLINIC-001,DR-002,2026-10-01 10:30:00,2026-10-01 11:00:00,available,standard
1496,CLINIC-001,DR-002,2026-10-01 11:00:00,2026-10-01 11:30:00,available,emergency_reserve
1497,CLINIC-001,DR-002,2026-10-01 11:30:00,2026-10-01 12:00:00,available,standard
1498,CLINIC-001,DR-002,2026-10-01 12:00:00,2026-10-01 12:30:00,available,standard
1499,CLINIC-001,DR-002,2026-10-01 12:30:00,2026-10-01 13:00:00,available,standard
1500,CLINIC-001,DR-002,2026-10-01 14:00:00,2026-10-01 14:30:00,available,standard
1501,CLINIC-001,DR-002,2026-10-01 14:30:00,2026-10-01 15:00:00,available,standard
1502,CLINIC-001,DR-002,2026-10-01 15:00:00,2026-10-01 15:30:00,available,standard
1503,CLINIC-001,DR-003,2026-10-01 10:00:00,2026-10-01 10:30:00,available,standard
1504,CLINIC-001,DR-003,2026-10-01 10:30:00,2026-10-01 11:00:00,available,standard
1505,CLINIC-001,DR-003,2026-10-01 11:00:00,2026-10-01 11:30:00,available,standard
1506,CLINIC-001,DR-003,2026-10-01 11:30:00,2026-10-01 12:00:00,available,standard
1507,CLINIC-001,DR-003,2026-10-01 12:00:00,2026-10-01 12:30:00,available,standard
1508,CLINIC-001,DR-003,2026-10-01 12:30:00,2026-10-01 13:00:00,blocked,admin_block
1509,CLINIC-001,DR-003,2026-10-01 14:00:00,2026-10-01 14:30:00,available,standard
1510,CLINIC-001,DR-003,2026-10-01 14:30:00,2026-10-01 15:00:00,available,standard
1511,CLINIC-001,DR-003,2026-10-01 15:00:00,2026-10-01 15:30:00,available,standard
1512,CLINIC-001,DR-003,2026-10-01 15:30:00,2026-10-01 16:00:00,available,standard
1513,CLINIC-001,DR-004,2026-10-01 10:30:00,2026-10-01 11:00:00,available,emergency_reserve
1514,CLINIC-001,DR-004,2026-10-01 11:00:00,2026-10-01 11:30:00,available,standard
1515,CLINIC-001,DR-004,2026-10-01 11:30:00,2026-10-01 12:00:00,available,standard
1516,CLINIC-001,DR-004,2026-10-01 12:00:00,2026-10-01 12:30:00,available,standard
1517,CLINIC-001,DR-004,2026-10-01 12:30:00,2026-10-01 13:00:00,available,standard
1518,CLINIC-001,DR-004,2026-10-01 14:00:00,2026-10-01 14:30:00,available,standard
1519,CLINIC-001,DR-004,2026-10-01 14:30:00,2026-10-01 15:00:00,available,standard
1520,CLINIC-001,DR-004,2026-10-01 15:00:00,2026-10-01 15:30:00,available,standard
1521,CLINIC-001,DR-004,2026-10-01 15:30:00,2026-10-01 16:00:00,available,standard
1522,CLINIC-001,DR-004,2026-10-01 16:00:00,2026-10-01 16:30:00,available,standard
1523,CLINIC-001,DR-005,2026-10-01 11:00:00,2026-10-01 11:30:00,available,standard
1524,CLINIC-001,DR-005,2026-10-01 11:30:00,2026-10-01 12:00:00,available,standard
1525,CLINIC-001,DR-005,2026-10-01 12:00:00,2026-10-01 12:30:00,available,standard
1526,CLINIC-001,DR-005,2026-10-01 12:30:00,2026-10-01 13:00:00,available,standard
1527,CLINIC-001,DR-005,2026-10-01 14:00:00,2026-10-01 14:30:00,available,standard
1528,CLINIC-001,DR-005,2026-10-01 14:30:00,2026-10-01 15:00:00,available,standard
1529,CLINIC-001,DR-005,2026-10-01 15:00:00,2026-10-01 15:30:00,available,standard
1530,CLINIC-001,DR-005,2026-10-01 15:30:00,2026-10-01 16:00:00,available,emergency_reserve
1531,CLINIC-001,DR-005,2026-10-01 16:00:00,2026-10-01 16:30:00,available,standard
1532,CLINIC-001,DR-005,2026-10-01 16:30:00,2026-10-01 17:00:00,available,standard
1533,CLINIC-001,DR-001,2026-10-02 09:00:00,2026-10-02 09:30:00,available,standard
1534,CLINIC-001,DR-001,2026-10-02 09:30:00,2026-10-02 10:00:00,available,standard
1535,CLINIC-001,DR-001,2026-10-02 10:00:00,2026-10-02 10:30:00,available,standard
1536,CLINIC-001,DR-001,2026-10-02 10:30:00,2026-10-02 11:00:00,available,standard
1537,CLINIC-001,DR-001,2026-10-02 11:00:00,2026-10-02 11:30:00,blocked,admin_block
1538,CLINIC-001,DR-001,2026-10-02 11:30:00,2026-10-02 12:00:00,available,standard
1539,CLINIC-001,DR-001,2026-10-02 12:00:00,2026-10-02 12:30:00,available,standard
1540,CLINIC-001,DR-001,2026-10-02 12:30:00,2026-10-02 13:00:00,available,standard
1541,CLINIC-001,DR-001,2026-10-02 14:00:00,2026-10-02 14:30:00,available,standard
1542,CLINIC-001,DR-001,2026-10-02 14:30:00,2026-10-02 15:00:00,available,standard
1543,CLINIC-001,DR-002,2026-10-02 09:30:00,2026-10-02 10:00:00,available,standard
1544,CLINIC-001,DR-002,2026-10-02 10:00:00,2026-10-02 10:30:00,available,standard
1545,CLINIC-001,DR-002,2026-10-02 10:30:00,2026-10-02 11:00:00,available,standard
1546,CLINIC-001,DR-002,2026-10-02 11:00:00,2026-10-02 11:30:00,available,standard
1547,CLINIC-001,DR-002,2026-10-02 11:30:00,2026-10-02 12:00:00,available,emergency_reserve
1548,CLINIC-001,DR-002,2026-10-02 12:00:00,2026-10-02 12:30:00,available,standard
1549,CLINIC-001,DR-002,2026-10-02 12:30:00,2026-10-02 13:00:00,available,standard
1550,CLINIC-001,DR-002,2026-10-02 14:00:00,2026-10-02 14:30:00,available,standard
1551,CLINIC-001,DR-002,2026-10-02 14:30:00,2026-10-02 15:00:00,available,standard
1552,CLINIC-001,DR-002,2026-10-02 15:00:00,2026-10-02 15:30:00,available,standard
1553,CLINIC-001,DR-003,2026-10-02 10:00:00,2026-10-02 10:30:00,available,standard
1554,CLINIC-001,DR-003,2026-10-02 10:30:00,2026-10-02 11:00:00,available,standard
1555,CLINIC-001,DR-003,2026-10-02 11:00:00,2026-10-02 11:30:00,available,standard
1556,CLINIC-001,DR-003,2026-10-02 11:30:00,2026-10-02 12:00:00,available,standard
1557,CLINIC-001,DR-003,2026-10-02 12:00:00,2026-10-02 12:30:00,available,standard
1558,CLINIC-001,DR-003,2026-10-02 12:30:00,2026-10-02 13:00:00,available,standard
1559,CLINIC-001,DR-003,2026-10-02 14:00:00,2026-10-02 14:30:00,available,standard
1560,CLINIC-001,DR-003,2026-10-02 14:30:00,2026-10-02 15:00:00,available,standard
1561,CLINIC-001,DR-003,2026-10-02 15:00:00,2026-10-02 15:30:00,available,standard
1562,CLINIC-001,DR-003,2026-10-02 15:30:00,2026-10-02 16:00:00,available,standard
1563,CLINIC-001,DR-004,2026-10-02 10:30:00,2026-10-02 11:00:00,available,standard
1564,CLINIC-001,DR-004,2026-10-02 11:00:00,2026-10-02 11:30:00,available,emergency_reserve
1565,CLINIC-001,DR-004,2026-10-02 11:30:00,2026-10-02 12:00:00,available,standard
1566,CLINIC-001,DR-004,2026-10-02 12:00:00,2026-10-02 12:30:00,blocked,admin_block
1567,CLINIC-001,DR-004,2026-10-02 12:30:00,2026-10-02 13:00:00,available,standard
1568,CLINIC-001,DR-004,2026-10-02 14:00:00,2026-10-02 14:30:00,available,standard
1569,CLINIC-001,DR-004,2026-10-02 14:30:00,2026-10-02 15:00:00,available,standard
1570,CLINIC-001,DR-004,2026-10-02 15:00:00,2026-10-02 15:30:00,available,standard
1571,CLINIC-001,DR-004,2026-10-02 15:30:00,2026-10-02 16:00:00,available,standard
1572,CLINIC-001,DR-004,2026-10-02 16:00:00,2026-10-02 16:30:00,available,standard
1573,CLINIC-001,DR-005,2026-10-02 11:00:00,2026-10-02 11:30:00,available,standard
1574,CLINIC-001,DR-005,2026-10-02 11:30:00,2026-10-02 12:00:00,available,standard
1575,CLINIC-001,DR-005,2026-10-02 12:00:00,2026-10-02 12:30:00,available,standard
1576,CLINIC-001,DR-005,2026-10-02 12:30:00,2026-10-02 13:00:00,available,standard
1577,CLINIC-001,DR-005,2026-10-02 14:00:00,2026-10-02 14:30:00,available,standard
1578,CLINIC-001,DR-005,2026-10-02 14:30:00,2026-10-02 15:00:00,available,standard
1579,CLINIC-001,DR-005,2026-10-02 15:00:00,2026-10-02 15:30:00,available,standard
1580,CLINIC-001,DR-005,2026-10-02 15:30:00,2026-10-02 16:00:00,available,standard
1581,CLINIC-001,DR-005,2026-10-02 16:00:00,2026-10-02 16:30:00,available,emergency_reserve
1582,CLINIC-001,DR-005,2026-10-02 16:30:00,2026-10-02 17:00:00,available,standard
1583,CLINIC-001,DR-001,2026-10-03 10:00:00,2026-10-03 10:30:00,available,standard
1584,CLINIC-001,DR-001,2026-10-03 10:30:00,2026-10-03 11:00:00,available,standard
1585,CLINIC-001,DR-001,2026-10-03 11:00:00,2026-10-03 11:30:00,available,standard
1586,CLINIC-001,DR-001,2026-10-03 11:30:00,2026-10-03 12:00:00,available,standard
1587,CLINIC-001,DR-001,2026-10-03 12:00:00,2026-10-03 12:30:00,available,standard
1588,CLINIC-001,DR-001,2026-10-03 12:30:00,2026-10-03 13:00:00,available,standard
1589,CLINIC-001,DR-001,2026-10-03 13:00:00,2026-10-03 13:30:00,available,standard
1590,CLINIC-001,DR-001,2026-10-03 13:30:00,2026-10-03 14:00:00,available,standard
1591,CLINIC-001,DR-001,2026-10-03 14:00:00,2026-10-03 14:30:00,available,standard
1592,CLINIC-001,DR-001,2026-10-03 14:30:00,2026-10-03 15:00:00,available,standard
1593,CLINIC-001,DR-002,2026-10-03 10:30:00,2026-10-03 11:00:00,available,standard
1594,CLINIC-001,DR-002,2026-10-03 11:00:00,2026-10-03 11:30:00,available,standard
1595,CLINIC-001,DR-002,2026-10-03 11:30:00,2026-10-03 12:00:00,blocked,admin_block
1596,CLINIC-001,DR-002,2026-10-03 12:00:00,2026-10-03 12:30:00,available,standard
1597,CLINIC-001,DR-002,2026-10-03 12:30:00,2026-10-03 13:00:00,available,standard
1598,CLINIC-001,DR-002,2026-10-03 13:00:00,2026-10-03 13:30:00,available,emergency_reserve
1599,CLINIC-001,DR-002,2026-10-03 13:30:00,2026-10-03 14:00:00,available,standard
1600,CLINIC-001,DR-002,2026-10-03 14:00:00,2026-10-03 14:30:00,available,standard
1601,CLINIC-001,DR-002,2026-10-03 14:30:00,2026-10-03 15:00:00,available,standard
1602,CLINIC-001,DR-002,2026-10-03 15:00:00,2026-10-03 15:30:00,available,standard
1603,CLINIC-001,DR-003,2026-10-03 10:00:00,2026-10-03 10:30:00,available,standard
1604,CLINIC-001,DR-003,2026-10-03 10:30:00,2026-10-03 11:00:00,available,standard
1605,CLINIC-001,DR-003,2026-10-03 11:00:00,2026-10-03 11:30:00,available,standard
1606,CLINIC-001,DR-003,2026-10-03 11:30:00,2026-10-03 12:00:00,available,standard
1607,CLINIC-001,DR-003,2026-10-03 12:00:00,2026-10-03 12:30:00,available,standard
1608,CLINIC-001,DR-003,2026-10-03 12:30:00,2026-10-03 13:00:00,available,standard
1609,CLINIC-001,DR-003,2026-10-03 13:00:00,2026-10-03 13:30:00,available,standard
1610,CLINIC-001,DR-003,2026-10-03 13:30:00,2026-10-03 14:00:00,available,standard
1611,CLINIC-001,DR-003,2026-10-03 14:00:00,2026-10-03 14:30:00,available,standard
1612,CLINIC-001,DR-003,2026-10-03 14:30:00,2026-10-03 15:00:00,available,standard
1613,CLINIC-001,DR-004,2026-10-03 10:30:00,2026-10-03 11:00:00,available,standard
1614,CLINIC-001,DR-004,2026-10-03 11:00:00,2026-10-03 11:30:00,available,standard
1615,CLINIC-001,DR-004,2026-10-03 11:30:00,2026-10-03 12:00:00,available,emergency_reserve
1616,CLINIC-001,DR-004,2026-10-03 12:00:00,2026-10-03 12:30:00,available,standard
1617,CLINIC-001,DR-004,2026-10-03 12:30:00,2026-10-03 13:00:00,available,standard
1618,CLINIC-001,DR-004,2026-10-03 13:00:00,2026-10-03 13:30:00,available,standard
1619,CLINIC-001,DR-004,2026-10-03 13:30:00,2026-10-03 14:00:00,available,standard
1620,CLINIC-001,DR-004,2026-10-03 14:00:00,2026-10-03 14:30:00,available,standard
1621,CLINIC-001,DR-004,2026-10-03 14:30:00,2026-10-03 15:00:00,available,standard
1622,CLINIC-001,DR-004,2026-10-03 15:00:00,2026-10-03 15:30:00,available,standard
1623,CLINIC-001,DR-005,2026-10-03 10:00:00,2026-10-03 10:30:00,available,standard
1624,CLINIC-001,DR-005,2026-10-03 10:30:00,2026-10-03 11:00:00,blocked,admin_block
1625,CLINIC-001,DR-005,2026-10-03 11:00:00,2026-10-03 11:30:00,available,standard
1626,CLINIC-001,DR-005,2026-10-03 11:30:00,2026-10-03 12:00:00,available,standard
1627,CLINIC-001,DR-005,2026-10-03 12:00:00,2026-10-03 12:30:00,available,standard
1628,CLINIC-001,DR-005,2026-10-03 12:30:00,2026-10-03 13:00:00,available,standard
1629,CLINIC-001,DR-005,2026-10-03 13:00:00,2026-10-03 13:30:00,available,standard
1630,CLINIC-001,DR-005,2026-10-03 13:30:00,2026-10-03 14:00:00,available,standard
1631,CLINIC-001,DR-005,2026-10-03 14:00:00,2026-10-03 14:30:00,available,standard
1632,CLINIC-001,DR-005,2026-10-03 14:30:00,2026-10-03 15:00:00,available,emergency_reserve
1633,CLINIC-001,DR-001,2026-10-05 09:00:00,2026-10-05 09:30:00,available,standard
1634,CLINIC-001,DR-001,2026-10-05 09:30:00,2026-10-05 10:00:00,available,standard
1635,CLINIC-001,DR-001,2026-10-05 10:00:00,2026-10-05 10:30:00,available,standard
1636,CLINIC-001,DR-001,2026-10-05 10:30:00,2026-10-05 11:00:00,available,standard
1637,CLINIC-001,DR-001,2026-10-05 11:00:00,2026-10-05 11:30:00,available,standard
1638,CLINIC-001,DR-001,2026-10-05 11:30:00,2026-10-05 12:00:00,available,standard
1639,CLINIC-001,DR-001,2026-10-05 12:00:00,2026-10-05 12:30:00,available,standard
1640,CLINIC-001,DR-001,2026-10-05 12:30:00,2026-10-05 13:00:00,available,standard
1641,CLINIC-001,DR-001,2026-10-05 14:00:00,2026-10-05 14:30:00,available,standard
1642,CLINIC-001,DR-001,2026-10-05 14:30:00,2026-10-05 15:00:00,available,standard
1643,CLINIC-001,DR-002,2026-10-05 09:30:00,2026-10-05 10:00:00,available,standard
1644,CLINIC-001,DR-002,2026-10-05 10:00:00,2026-10-05 10:30:00,available,standard
1645,CLINIC-001,DR-002,2026-10-05 10:30:00,2026-10-05 11:00:00,available,standard
1646,CLINIC-001,DR-002,2026-10-05 11:00:00,2026-10-05 11:30:00,available,standard
1647,CLINIC-001,DR-002,2026-10-05 11:30:00,2026-10-05 12:00:00,available,standard
1648,CLINIC-001,DR-002,2026-10-05 12:00:00,2026-10-05 12:30:00,available,standard
1649,CLINIC-001,DR-002,2026-10-05 12:30:00,2026-10-05 13:00:00,available,emergency_reserve
1650,CLINIC-001,DR-002,2026-10-05 14:00:00,2026-10-05 14:30:00,available,standard
1651,CLINIC-001,DR-002,2026-10-05 14:30:00,2026-10-05 15:00:00,available,standard
1652,CLINIC-001,DR-002,2026-10-05 15:00:00,2026-10-05 15:30:00,available,standard
1653,CLINIC-001,DR-003,2026-10-05 10:00:00,2026-10-05 10:30:00,blocked,admin_block
1654,CLINIC-001,DR-003,2026-10-05 10:30:00,2026-10-05 11:00:00,available,standard
1655,CLINIC-001,DR-003,2026-10-05 11:00:00,2026-10-05 11:30:00,available,standard
1656,CLINIC-001,DR-003,2026-10-05 11:30:00,2026-10-05 12:00:00,available,standard
1657,CLINIC-001,DR-003,2026-10-05 12:00:00,2026-10-05 12:30:00,available,standard
1658,CLINIC-001,DR-003,2026-10-05 12:30:00,2026-10-05 13:00:00,available,standard
1659,CLINIC-001,DR-003,2026-10-05 14:00:00,2026-10-05 14:30:00,available,standard
1660,CLINIC-001,DR-003,2026-10-05 14:30:00,2026-10-05 15:00:00,available,standard
1661,CLINIC-001,DR-003,2026-10-05 15:00:00,2026-10-05 15:30:00,available,standard
1662,CLINIC-001,DR-003,2026-10-05 15:30:00,2026-10-05 16:00:00,available,standard
1663,CLINIC-001,DR-004,2026-10-05 10:30:00,2026-10-05 11:00:00,available,standard
1664,CLINIC-001,DR-004,2026-10-05 11:00:00,2026-10-05 11:30:00,available,standard
1665,CLINIC-001,DR-004,2026-10-05 11:30:00,2026-10-05 12:00:00,available,standard
1666,CLINIC-001,DR-004,2026-10-05 12:00:00,2026-10-05 12:30:00,available,emergency_reserve
1667,CLINIC-001,DR-004,2026-10-05 12:30:00,2026-10-05 13:00:00,available,standard
1668,CLINIC-001,DR-004,2026-10-05 14:00:00,2026-10-05 14:30:00,available,standard
1669,CLINIC-001,DR-004,2026-10-05 14:30:00,2026-10-05 15:00:00,available,standard
1670,CLINIC-001,DR-004,2026-10-05 15:00:00,2026-10-05 15:30:00,available,standard
1671,CLINIC-001,DR-004,2026-10-05 15:30:00,2026-10-05 16:00:00,available,standard
1672,CLINIC-001,DR-004,2026-10-05 16:00:00,2026-10-05 16:30:00,available,standard
1673,CLINIC-001,DR-005,2026-10-05 11:00:00,2026-10-05 11:30:00,available,standard
1674,CLINIC-001,DR-005,2026-10-05 11:30:00,2026-10-05 12:00:00,available,standard
1675,CLINIC-001,DR-005,2026-10-05 12:00:00,2026-10-05 12:30:00,available,standard
1676,CLINIC-001,DR-005,2026-10-05 12:30:00,2026-10-05 13:00:00,available,standard
1677,CLINIC-001,DR-005,2026-10-05 14:00:00,2026-10-05 14:30:00,available,standard
1678,CLINIC-001,DR-005,2026-10-05 14:30:00,2026-10-05 15:00:00,available,standard
1679,CLINIC-001,DR-005,2026-10-05 15:00:00,2026-10-05 15:30:00,available,standard
1680,CLINIC-001,DR-005,2026-10-05 15:30:00,2026-10-05 16:00:00,available,standard
1681,CLINIC-001,DR-005,2026-10-05 16:00:00,2026-10-05 16:30:00,available,standard
1682,CLINIC-001,DR-005,2026-10-05 16:30:00,2026-10-05 17:00:00,blocked,admin_block
1683,CLINIC-001,DR-001,2026-10-06 09:00:00,2026-10-06 09:30:00,available,emergency_reserve
1684,CLINIC-001,DR-001,2026-10-06 09:30:00,2026-10-06 10:00:00,available,standard
1685,CLINIC-001,DR-001,2026-10-06 10:00:00,2026-10-06 10:30:00,available,standard
1686,CLINIC-001,DR-001,2026-10-06 10:30:00,2026-10-06 11:00:00,available,standard
1687,CLINIC-001,DR-001,2026-10-06 11:00:00,2026-10-06 11:30:00,available,standard
1688,CLINIC-001,DR-001,2026-10-06 11:30:00,2026-10-06 12:00:00,available,standard
1689,CLINIC-001,DR-001,2026-10-06 12:00:00,2026-10-06 12:30:00,available,standard
1690,CLINIC-001,DR-001,2026-10-06 12:30:00,2026-10-06 13:00:00,available,standard
1691,CLINIC-001,DR-001,2026-10-06 14:00:00,2026-10-06 14:30:00,available,standard
1692,CLINIC-001,DR-001,2026-10-06 14:30:00,2026-10-06 15:00:00,available,standard
1693,CLINIC-001,DR-002,2026-10-06 09:30:00,2026-10-06 10:00:00,available,standard
1694,CLINIC-001,DR-002,2026-10-06 10:00:00,2026-10-06 10:30:00,available,standard
1695,CLINIC-001,DR-002,2026-10-06 10:30:00,2026-10-06 11:00:00,available,standard
1696,CLINIC-001,DR-002,2026-10-06 11:00:00,2026-10-06 11:30:00,available,standard
1697,CLINIC-001,DR-002,2026-10-06 11:30:00,2026-10-06 12:00:00,available,standard
1698,CLINIC-001,DR-002,2026-10-06 12:00:00,2026-10-06 12:30:00,available,standard
1699,CLINIC-001,DR-002,2026-10-06 12:30:00,2026-10-06 13:00:00,available,standard
1700,CLINIC-001,DR-002,2026-10-06 14:00:00,2026-10-06 14:30:00,available,emergency_reserve
1701,CLINIC-001,DR-002,2026-10-06 14:30:00,2026-10-06 15:00:00,available,standard
1702,CLINIC-001,DR-002,2026-10-06 15:00:00,2026-10-06 15:30:00,available,standard
1703,CLINIC-001,DR-003,2026-10-06 10:00:00,2026-10-06 10:30:00,available,standard
1704,CLINIC-001,DR-003,2026-10-06 10:30:00,2026-10-06 11:00:00,available,standard
1705,CLINIC-001,DR-003,2026-10-06 11:00:00,2026-10-06 11:30:00,available,standard
1706,CLINIC-001,DR-003,2026-10-06 11:30:00,2026-10-06 12:00:00,available,standard
1707,CLINIC-001,DR-003,2026-10-06 12:00:00,2026-10-06 12:30:00,available,standard
1708,CLINIC-001,DR-003,2026-10-06 12:30:00,2026-10-06 13:00:00,available,standard
1709,CLINIC-001,DR-003,2026-10-06 14:00:00,2026-10-06 14:30:00,available,standard
1710,CLINIC-001,DR-003,2026-10-06 14:30:00,2026-10-06 15:00:00,available,standard
1711,CLINIC-001,DR-003,2026-10-06 15:00:00,2026-10-06 15:30:00,blocked,admin_block
1712,CLINIC-001,DR-003,2026-10-06 15:30:00,2026-10-06 16:00:00,available,standard
1713,CLINIC-001,DR-004,2026-10-06 10:30:00,2026-10-06 11:00:00,available,standard
1714,CLINIC-001,DR-004,2026-10-06 11:00:00,2026-10-06 11:30:00,available,standard
1715,CLINIC-001,DR-004,2026-10-06 11:30:00,2026-10-06 12:00:00,available,standard
1716,CLINIC-001,DR-004,2026-10-06 12:00:00,2026-10-06 12:30:00,available,standard
1717,CLINIC-001,DR-004,2026-10-06 12:30:00,2026-10-06 13:00:00,available,emergency_reserve
1718,CLINIC-001,DR-004,2026-10-06 14:00:00,2026-10-06 14:30:00,available,standard
1719,CLINIC-001,DR-004,2026-10-06 14:30:00,2026-10-06 15:00:00,available,standard
1720,CLINIC-001,DR-004,2026-10-06 15:00:00,2026-10-06 15:30:00,available,standard
1721,CLINIC-001,DR-004,2026-10-06 15:30:00,2026-10-06 16:00:00,available,standard
1722,CLINIC-001,DR-004,2026-10-06 16:00:00,2026-10-06 16:30:00,available,standard
1723,CLINIC-001,DR-005,2026-10-06 11:00:00,2026-10-06 11:30:00,available,standard
1724,CLINIC-001,DR-005,2026-10-06 11:30:00,2026-10-06 12:00:00,available,standard
1725,CLINIC-001,DR-005,2026-10-06 12:00:00,2026-10-06 12:30:00,available,standard
1726,CLINIC-001,DR-005,2026-10-06 12:30:00,2026-10-06 13:00:00,available,standard
1727,CLINIC-001,DR-005,2026-10-06 14:00:00,2026-10-06 14:30:00,available,standard
1728,CLINIC-001,DR-005,2026-10-06 14:30:00,2026-10-06 15:00:00,available,standard
1729,CLINIC-001,DR-005,2026-10-06 15:00:00,2026-10-06 15:30:00,available,standard
1730,CLINIC-001,DR-005,2026-10-06 15:30:00,2026-10-06 16:00:00,available,standard
1731,CLINIC-001,DR-005,2026-10-06 16:00:00,2026-10-06 16:30:00,available,standard
1732,CLINIC-001,DR-005,2026-10-06 16:30:00,2026-10-06 17:00:00,available,standard
1733,CLINIC-001,DR-001,2026-10-07 09:00:00,2026-10-07 09:30:00,available,standard
1734,CLINIC-001,DR-001,2026-10-07 09:30:00,2026-10-07 10:00:00,available,emergency_reserve
1735,CLINIC-001,DR-001,2026-10-07 10:00:00,2026-10-07 10:30:00,available,standard
1736,CLINIC-001,DR-001,2026-10-07 10:30:00,2026-10-07 11:00:00,available,standard
1737,CLINIC-001,DR-001,2026-10-07 11:00:00,2026-10-07 11:30:00,available,standard
1738,CLINIC-001,DR-001,2026-10-07 11:30:00,2026-10-07 12:00:00,available,standard
1739,CLINIC-001,DR-001,2026-10-07 12:00:00,2026-10-07 12:30:00,available,standard
1740,CLINIC-001,DR-001,2026-10-07 12:30:00,2026-10-07 13:00:00,blocked,admin_block
1741,CLINIC-001,DR-001,2026-10-07 14:00:00,2026-10-07 14:30:00,available,standard
1742,CLINIC-001,DR-001,2026-10-07 14:30:00,2026-10-07 15:00:00,available,standard
1743,CLINIC-001,DR-002,2026-10-07 09:30:00,2026-10-07 10:00:00,available,standard
1744,CLINIC-001,DR-002,2026-10-07 10:00:00,2026-10-07 10:30:00,available,standard
1745,CLINIC-001,DR-002,2026-10-07 10:30:00,2026-10-07 11:00:00,available,standard
1746,CLINIC-001,DR-002,2026-10-07 11:00:00,2026-10-07 11:30:00,available,standard
1747,CLINIC-001,DR-002,2026-10-07 11:30:00,2026-10-07 12:00:00,available,standard
1748,CLINIC-001,DR-002,2026-10-07 12:00:00,2026-10-07 12:30:00,available,standard
1749,CLINIC-001,DR-002,2026-10-07 12:30:00,2026-10-07 13:00:00,available,standard
1750,CLINIC-001,DR-002,2026-10-07 14:00:00,2026-10-07 14:30:00,available,standard
1751,CLINIC-001,DR-002,2026-10-07 14:30:00,2026-10-07 15:00:00,available,emergency_reserve
1752,CLINIC-001,DR-002,2026-10-07 15:00:00,2026-10-07 15:30:00,available,standard
1753,CLINIC-001,DR-003,2026-10-07 10:00:00,2026-10-07 10:30:00,available,standard
1754,CLINIC-001,DR-003,2026-10-07 10:30:00,2026-10-07 11:00:00,available,standard
1755,CLINIC-001,DR-003,2026-10-07 11:00:00,2026-10-07 11:30:00,available,standard
1756,CLINIC-001,DR-003,2026-10-07 11:30:00,2026-10-07 12:00:00,available,standard
1757,CLINIC-001,DR-003,2026-10-07 12:00:00,2026-10-07 12:30:00,available,standard
1758,CLINIC-001,DR-003,2026-10-07 12:30:00,2026-10-07 13:00:00,available,standard
1759,CLINIC-001,DR-003,2026-10-07 14:00:00,2026-10-07 14:30:00,available,standard
1760,CLINIC-001,DR-003,2026-10-07 14:30:00,2026-10-07 15:00:00,available,standard
1761,CLINIC-001,DR-003,2026-10-07 15:00:00,2026-10-07 15:30:00,available,standard
1762,CLINIC-001,DR-003,2026-10-07 15:30:00,2026-10-07 16:00:00,available,standard
1763,CLINIC-001,DR-004,2026-10-07 10:30:00,2026-10-07 11:00:00,available,standard
1764,CLINIC-001,DR-004,2026-10-07 11:00:00,2026-10-07 11:30:00,available,standard
1765,CLINIC-001,DR-004,2026-10-07 11:30:00,2026-10-07 12:00:00,available,standard
1766,CLINIC-001,DR-004,2026-10-07 12:00:00,2026-10-07 12:30:00,available,standard
1767,CLINIC-001,DR-004,2026-10-07 12:30:00,2026-10-07 13:00:00,available,standard
1768,CLINIC-001,DR-004,2026-10-07 14:00:00,2026-10-07 14:30:00,available,emergency_reserve
1769,CLINIC-001,DR-004,2026-10-07 14:30:00,2026-10-07 15:00:00,blocked,admin_block
1770,CLINIC-001,DR-004,2026-10-07 15:00:00,2026-10-07 15:30:00,available,standard
1771,CLINIC-001,DR-004,2026-10-07 15:30:00,2026-10-07 16:00:00,available,standard
1772,CLINIC-001,DR-004,2026-10-07 16:00:00,2026-10-07 16:30:00,available,standard
1773,CLINIC-001,DR-005,2026-10-07 11:00:00,2026-10-07 11:30:00,available,standard
1774,CLINIC-001,DR-005,2026-10-07 11:30:00,2026-10-07 12:00:00,available,standard
1775,CLINIC-001,DR-005,2026-10-07 12:00:00,2026-10-07 12:30:00,available,standard
1776,CLINIC-001,DR-005,2026-10-07 12:30:00,2026-10-07 13:00:00,available,standard
1777,CLINIC-001,DR-005,2026-10-07 14:00:00,2026-10-07 14:30:00,available,standard
1778,CLINIC-001,DR-005,2026-10-07 14:30:00,2026-10-07 15:00:00,available,standard
1779,CLINIC-001,DR-005,2026-10-07 15:00:00,2026-10-07 15:30:00,available,standard
1780,CLINIC-001,DR-005,2026-10-07 15:30:00,2026-10-07 16:00:00,available,standard
1781,CLINIC-001,DR-005,2026-10-07 16:00:00,2026-10-07 16:30:00,available,standard
1782,CLINIC-001,DR-005,2026-10-07 16:30:00,2026-10-07 17:00:00,available,standard
1783,CLINIC-001,DR-001,2026-10-08 09:00:00,2026-10-08 09:30:00,available,standard
1784,CLINIC-001,DR-001,2026-10-08 09:30:00,2026-10-08 10:00:00,available,standard
1785,CLINIC-001,DR-001,2026-10-08 10:00:00,2026-10-08 10:30:00,available,emergency_reserve
1786,CLINIC-001,DR-001,2026-10-08 10:30:00,2026-10-08 11:00:00,available,standard
1787,CLINIC-001,DR-001,2026-10-08 11:00:00,2026-10-08 11:30:00,available,standard
1788,CLINIC-001,DR-001,2026-10-08 11:30:00,2026-10-08 12:00:00,available,standard
1789,CLINIC-001,DR-001,2026-10-08 12:00:00,2026-10-08 12:30:00,available,standard
1790,CLINIC-001,DR-001,2026-10-08 12:30:00,2026-10-08 13:00:00,available,standard
1791,CLINIC-001,DR-001,2026-10-08 14:00:00,2026-10-08 14:30:00,available,standard
1792,CLINIC-001,DR-001,2026-10-08 14:30:00,2026-10-08 15:00:00,available,standard
1793,CLINIC-001,DR-002,2026-10-08 09:30:00,2026-10-08 10:00:00,available,standard
1794,CLINIC-001,DR-002,2026-10-08 10:00:00,2026-10-08 10:30:00,available,standard
1795,CLINIC-001,DR-002,2026-10-08 10:30:00,2026-10-08 11:00:00,available,standard
1796,CLINIC-001,DR-002,2026-10-08 11:00:00,2026-10-08 11:30:00,available,standard
1797,CLINIC-001,DR-002,2026-10-08 11:30:00,2026-10-08 12:00:00,available,standard
1798,CLINIC-001,DR-002,2026-10-08 12:00:00,2026-10-08 12:30:00,blocked,admin_block
1799,CLINIC-001,DR-002,2026-10-08 12:30:00,2026-10-08 13:00:00,available,standard
1800,CLINIC-001,DR-002,2026-10-08 14:00:00,2026-10-08 14:30:00,available,standard
1801,CLINIC-001,DR-002,2026-10-08 14:30:00,2026-10-08 15:00:00,available,standard
1802,CLINIC-001,DR-002,2026-10-08 15:00:00,2026-10-08 15:30:00,available,emergency_reserve
1803,CLINIC-001,DR-003,2026-10-08 10:00:00,2026-10-08 10:30:00,available,standard
1804,CLINIC-001,DR-003,2026-10-08 10:30:00,2026-10-08 11:00:00,available,standard
1805,CLINIC-001,DR-003,2026-10-08 11:00:00,2026-10-08 11:30:00,available,standard
1806,CLINIC-001,DR-003,2026-10-08 11:30:00,2026-10-08 12:00:00,available,standard
1807,CLINIC-001,DR-003,2026-10-08 12:00:00,2026-10-08 12:30:00,available,standard
1808,CLINIC-001,DR-003,2026-10-08 12:30:00,2026-10-08 13:00:00,available,standard
1809,CLINIC-001,DR-003,2026-10-08 14:00:00,2026-10-08 14:30:00,available,standard
1810,CLINIC-001,DR-003,2026-10-08 14:30:00,2026-10-08 15:00:00,available,standard
1811,CLINIC-001,DR-003,2026-10-08 15:00:00,2026-10-08 15:30:00,available,standard
1812,CLINIC-001,DR-003,2026-10-08 15:30:00,2026-10-08 16:00:00,available,standard
1813,CLINIC-001,DR-004,2026-10-08 10:30:00,2026-10-08 11:00:00,available,standard
1814,CLINIC-001,DR-004,2026-10-08 11:00:00,2026-10-08 11:30:00,available,standard
1815,CLINIC-001,DR-004,2026-10-08 11:30:00,2026-10-08 12:00:00,available,standard
1816,CLINIC-001,DR-004,2026-10-08 12:00:00,2026-10-08 12:30:00,available,standard
1817,CLINIC-001,DR-004,2026-10-08 12:30:00,2026-10-08 13:00:00,available,standard
1818,CLINIC-001,DR-004,2026-10-08 14:00:00,2026-10-08 14:30:00,available,standard
1819,CLINIC-001,DR-004,2026-10-08 14:30:00,2026-10-08 15:00:00,available,emergency_reserve
1820,CLINIC-001,DR-004,2026-10-08 15:00:00,2026-10-08 15:30:00,available,standard
1821,CLINIC-001,DR-004,2026-10-08 15:30:00,2026-10-08 16:00:00,available,standard
1822,CLINIC-001,DR-004,2026-10-08 16:00:00,2026-10-08 16:30:00,available,standard
1823,CLINIC-001,DR-005,2026-10-08 11:00:00,2026-10-08 11:30:00,available,standard
1824,CLINIC-001,DR-005,2026-10-08 11:30:00,2026-10-08 12:00:00,available,standard
1825,CLINIC-001,DR-005,2026-10-08 12:00:00,2026-10-08 12:30:00,available,standard
1826,CLINIC-001,DR-005,2026-10-08 12:30:00,2026-10-08 13:00:00,available,standard
1827,CLINIC-001,DR-005,2026-10-08 14:00:00,2026-10-08 14:30:00,blocked,admin_block
1828,CLINIC-001,DR-005,2026-10-08 14:30:00,2026-10-08 15:00:00,available,standard
1829,CLINIC-001,DR-005,2026-10-08 15:00:00,2026-10-08 15:30:00,available,standard
1830,CLINIC-001,DR-005,2026-10-08 15:30:00,2026-10-08 16:00:00,available,standard
1831,CLINIC-001,DR-005,2026-10-08 16:00:00,2026-10-08 16:30:00,available,standard
1832,CLINIC-001,DR-005,2026-10-08 16:30:00,2026-10-08 17:00:00,available,standard
1833,CLINIC-001,DR-001,2026-10-09 09:00:00,2026-10-09 09:30:00,available,standard
1834,CLINIC-001,DR-001,2026-10-09 09:30:00,2026-10-09 10:00:00,available,standard
1835,CLINIC-001,DR-001,2026-10-09 10:00:00,2026-10-09 10:30:00,available,standard
1836,CLINIC-001,DR-001,2026-10-09 10:30:00,2026-10-09 11:00:00,available,emergency_reserve
1837,CLINIC-001,DR-001,2026-10-09 11:00:00,2026-10-09 11:30:00,available,standard
1838,CLINIC-001,DR-001,2026-10-09 11:30:00,2026-10-09 12:00:00,available,standard
1839,CLINIC-001,DR-001,2026-10-09 12:00:00,2026-10-09 12:30:00,available,standard
1840,CLINIC-001,DR-001,2026-10-09 12:30:00,2026-10-09 13:00:00,available,standard
1841,CLINIC-001,DR-001,2026-10-09 14:00:00,2026-10-09 14:30:00,available,standard
1842,CLINIC-001,DR-001,2026-10-09 14:30:00,2026-10-09 15:00:00,available,standard
1843,CLINIC-001,DR-002,2026-10-09 09:30:00,2026-10-09 10:00:00,available,standard
1844,CLINIC-001,DR-002,2026-10-09 10:00:00,2026-10-09 10:30:00,available,standard
1845,CLINIC-001,DR-002,2026-10-09 10:30:00,2026-10-09 11:00:00,available,standard
1846,CLINIC-001,DR-002,2026-10-09 11:00:00,2026-10-09 11:30:00,available,standard
1847,CLINIC-001,DR-002,2026-10-09 11:30:00,2026-10-09 12:00:00,available,standard
1848,CLINIC-001,DR-002,2026-10-09 12:00:00,2026-10-09 12:30:00,available,standard
1849,CLINIC-001,DR-002,2026-10-09 12:30:00,2026-10-09 13:00:00,available,standard
1850,CLINIC-001,DR-002,2026-10-09 14:00:00,2026-10-09 14:30:00,available,standard
1851,CLINIC-001,DR-002,2026-10-09 14:30:00,2026-10-09 15:00:00,available,standard
1852,CLINIC-001,DR-002,2026-10-09 15:00:00,2026-10-09 15:30:00,available,standard
1853,CLINIC-001,DR-003,2026-10-09 10:00:00,2026-10-09 10:30:00,available,emergency_reserve
1854,CLINIC-001,DR-003,2026-10-09 10:30:00,2026-10-09 11:00:00,available,standard
1855,CLINIC-001,DR-003,2026-10-09 11:00:00,2026-10-09 11:30:00,available,standard
1856,CLINIC-001,DR-003,2026-10-09 11:30:00,2026-10-09 12:00:00,blocked,admin_block
1857,CLINIC-001,DR-003,2026-10-09 12:00:00,2026-10-09 12:30:00,available,standard
1858,CLINIC-001,DR-003,2026-10-09 12:30:00,2026-10-09 13:00:00,available,standard
1859,CLINIC-001,DR-003,2026-10-09 14:00:00,2026-10-09 14:30:00,available,standard
1860,CLINIC-001,DR-003,2026-10-09 14:30:00,2026-10-09 15:00:00,available,standard
1861,CLINIC-001,DR-003,2026-10-09 15:00:00,2026-10-09 15:30:00,available,standard
1862,CLINIC-001,DR-003,2026-10-09 15:30:00,2026-10-09 16:00:00,available,standard
1863,CLINIC-001,DR-004,2026-10-09 10:30:00,2026-10-09 11:00:00,available,standard
1864,CLINIC-001,DR-004,2026-10-09 11:00:00,2026-10-09 11:30:00,available,standard
1865,CLINIC-001,DR-004,2026-10-09 11:30:00,2026-10-09 12:00:00,available,standard
1866,CLINIC-001,DR-004,2026-10-09 12:00:00,2026-10-09 12:30:00,available,standard
1867,CLINIC-001,DR-004,2026-10-09 12:30:00,2026-10-09 13:00:00,available,standard
1868,CLINIC-001,DR-004,2026-10-09 14:00:00,2026-10-09 14:30:00,available,standard
1869,CLINIC-001,DR-004,2026-10-09 14:30:00,2026-10-09 15:00:00,available,standard
1870,CLINIC-001,DR-004,2026-10-09 15:00:00,2026-10-09 15:30:00,available,emergency_reserve
1871,CLINIC-001,DR-004,2026-10-09 15:30:00,2026-10-09 16:00:00,available,standard
1872,CLINIC-001,DR-004,2026-10-09 16:00:00,2026-10-09 16:30:00,available,standard
1873,CLINIC-001,DR-005,2026-10-09 11:00:00,2026-10-09 11:30:00,available,standard
1874,CLINIC-001,DR-005,2026-10-09 11:30:00,2026-10-09 12:00:00,available,standard
1875,CLINIC-001,DR-005,2026-10-09 12:00:00,2026-10-09 12:30:00,available,standard
1876,CLINIC-001,DR-005,2026-10-09 12:30:00,2026-10-09 13:00:00,available,standard
1877,CLINIC-001,DR-005,2026-10-09 14:00:00,2026-10-09 14:30:00,available,standard
1878,CLINIC-001,DR-005,2026-10-09 14:30:00,2026-10-09 15:00:00,available,standard
1879,CLINIC-001,DR-005,2026-10-09 15:00:00,2026-10-09 15:30:00,available,standard
1880,CLINIC-001,DR-005,2026-10-09 15:30:00,2026-10-09 16:00:00,available,standard
1881,CLINIC-001,DR-005,2026-10-09 16:00:00,2026-10-09 16:30:00,available,standard
1882,CLINIC-001,DR-005,2026-10-09 16:30:00,2026-10-09 17:00:00,available,standard
1883,CLINIC-001,DR-001,2026-10-10 10:00:00,2026-10-10 10:30:00,available,standard
1884,CLINIC-001,DR-001,2026-10-10 10:30:00,2026-10-10 11:00:00,available,standard
1885,CLINIC-001,DR-001,2026-10-10 11:00:00,2026-10-10 11:30:00,blocked,admin_block
1886,CLINIC-001,DR-001,2026-10-10 11:30:00,2026-10-10 12:00:00,available,standard
1887,CLINIC-001,DR-001,2026-10-10 12:00:00,2026-10-10 12:30:00,available,emergency_reserve
1888,CLINIC-001,DR-001,2026-10-10 12:30:00,2026-10-10 13:00:00,available,standard
1889,CLINIC-001,DR-001,2026-10-10 13:00:00,2026-10-10 13:30:00,available,standard
1890,CLINIC-001,DR-001,2026-10-10 13:30:00,2026-10-10 14:00:00,available,standard
1891,CLINIC-001,DR-001,2026-10-10 14:00:00,2026-10-10 14:30:00,available,standard
1892,CLINIC-001,DR-001,2026-10-10 14:30:00,2026-10-10 15:00:00,available,standard
1893,CLINIC-001,DR-002,2026-10-10 10:30:00,2026-10-10 11:00:00,available,standard
1894,CLINIC-001,DR-002,2026-10-10 11:00:00,2026-10-10 11:30:00,available,standard
1895,CLINIC-001,DR-002,2026-10-10 11:30:00,2026-10-10 12:00:00,available,standard
1896,CLINIC-001,DR-002,2026-10-10 12:00:00,2026-10-10 12:30:00,available,standard
1897,CLINIC-001,DR-002,2026-10-10 12:30:00,2026-10-10 13:00:00,available,standard
1898,CLINIC-001,DR-002,2026-10-10 13:00:00,2026-10-10 13:30:00,available,standard
1899,CLINIC-001,DR-002,2026-10-10 13:30:00,2026-10-10 14:00:00,available,standard
1900,CLINIC-001,DR-002,2026-10-10 14:00:00,2026-10-10 14:30:00,available,standard
1901,CLINIC-001,DR-002,2026-10-10 14:30:00,2026-10-10 15:00:00,available,standard
1902,CLINIC-001,DR-002,2026-10-10 15:00:00,2026-10-10 15:30:00,available,standard
1903,CLINIC-001,DR-003,2026-10-10 10:00:00,2026-10-10 10:30:00,available,standard
1904,CLINIC-001,DR-003,2026-10-10 10:30:00,2026-10-10 11:00:00,available,emergency_reserve
1905,CLINIC-001,DR-003,2026-10-10 11:00:00,2026-10-10 11:30:00,available,standard
1906,CLINIC-001,DR-003,2026-10-10 11:30:00,2026-10-10 12:00:00,available,standard
1907,CLINIC-001,DR-003,2026-10-10 12:00:00,2026-10-10 12:30:00,available,standard
1908,CLINIC-001,DR-003,2026-10-10 12:30:00,2026-10-10 13:00:00,available,standard
1909,CLINIC-001,DR-003,2026-10-10 13:00:00,2026-10-10 13:30:00,available,standard
1910,CLINIC-001,DR-003,2026-10-10 13:30:00,2026-10-10 14:00:00,available,standard
1911,CLINIC-001,DR-003,2026-10-10 14:00:00,2026-10-10 14:30:00,available,standard
1912,CLINIC-001,DR-003,2026-10-10 14:30:00,2026-10-10 15:00:00,available,standard
1913,CLINIC-001,DR-004,2026-10-10 10:30:00,2026-10-10 11:00:00,available,standard
1914,CLINIC-001,DR-004,2026-10-10 11:00:00,2026-10-10 11:30:00,blocked,admin_block
1915,CLINIC-001,DR-004,2026-10-10 11:30:00,2026-10-10 12:00:00,available,standard
1916,CLINIC-001,DR-004,2026-10-10 12:00:00,2026-10-10 12:30:00,available,standard
1917,CLINIC-001,DR-004,2026-10-10 12:30:00,2026-10-10 13:00:00,available,standard
1918,CLINIC-001,DR-004,2026-10-10 13:00:00,2026-10-10 13:30:00,available,standard
1919,CLINIC-001,DR-004,2026-10-10 13:30:00,2026-10-10 14:00:00,available,standard
1920,CLINIC-001,DR-004,2026-10-10 14:00:00,2026-10-10 14:30:00,available,standard
1921,CLINIC-001,DR-004,2026-10-10 14:30:00,2026-10-10 15:00:00,available,emergency_reserve
1922,CLINIC-001,DR-004,2026-10-10 15:00:00,2026-10-10 15:30:00,available,standard
1923,CLINIC-001,DR-005,2026-10-10 10:00:00,2026-10-10 10:30:00,available,standard
1924,CLINIC-001,DR-005,2026-10-10 10:30:00,2026-10-10 11:00:00,available,standard
1925,CLINIC-001,DR-005,2026-10-10 11:00:00,2026-10-10 11:30:00,available,standard
1926,CLINIC-001,DR-005,2026-10-10 11:30:00,2026-10-10 12:00:00,available,standard
1927,CLINIC-001,DR-005,2026-10-10 12:00:00,2026-10-10 12:30:00,available,standard
1928,CLINIC-001,DR-005,2026-10-10 12:30:00,2026-10-10 13:00:00,available,standard
1929,CLINIC-001,DR-005,2026-10-10 13:00:00,2026-10-10 13:30:00,available,standard
1930,CLINIC-001,DR-005,2026-10-10 13:30:00,2026-10-10 14:00:00,available,standard
1931,CLINIC-001,DR-005,2026-10-10 14:00:00,2026-10-10 14:30:00,available,standard
1932,CLINIC-001,DR-005,2026-10-10 14:30:00,2026-10-10 15:00:00,available,standard
